" But cart has some errors."," Tapi troli memiliki beberapa kesalahan."
" Note: Image size affects the performance of your app."," Catatan: Ukuran gambar mempengaruhi kinerja aplikasi Anda."
"""Description"" is more than %d characters long","""Deskripsi"" Lebih dari panjang %d karakter"
"""Title"" is more than %d characters long","""Title"" Lebih dari panjang %d karakter"
"""id"" attribute is required for a ""%s"" field.","""id"" atribut diperlukan untuk ""%s"" field."
"""line_count"" attribute is required for ""multiline"" element.","""line_count"" atribut diperlukan untuk ""multiline"" elemen."
"""message"" attribute is required for ""%s"" validator rule.","""message"" atribut diperlukan untuk ""%s"" aturan validator."
"%1$s has been added to your wishlist.","%1$s telah ditambahkan ke daftar keinginanmu."
"%1$s incl tax.","%1$s termasuk pajak."
"%@ is not correct","%@ tidak benar"
"%s API Key required.","%s Kunci API diperlukan."
"%s Application ID required.","%s ID aplikasi diperlukan."
"%s Secret Key required.","%s Kunci Rahasia diperlukan."
"%s attribute is required.","%s atribut diperlukan."
"%s fields is required","%s bidang wajib diisi"
"%s has been added to your cart.","%s telah ditambahkan ke troli anda."
"%s id:","%s id:"
"%s was updated in your shopping cart.","%s diperbarui di troli belanja Anda."
"(Includes more countries than those listed below. As the application owner, you are responsible for complying with country-specific laws related to the distribution or sale of your application into that country, including your home country.)","(Meliputi lebih banyak negara daripada yang tercantum di bawah ini. Sebagai pemilik aplikasi, Anda bertanggung jawab untuk mematuhi undang-undang khusus negara terkait dengan distribusi atau penjualan aplikasi Anda ke negara tersebut, termasuk negara asal Anda.)"
"* - field is required","* - field diperlukan"
"*Subject to change","*Dapat berubah sewaktu-waktu"
"1. Please select type of the action:","1. Silahkan pilih tipe tindakan:"
"10:40 AM","10:40 AM"
"2. Please select a page","2. Silahkan pilih halaman"
"2. Type Category Name","2. Ketik Kategori Nama"
"2. Type Product Name","2. Ketik Produk Nama"
"80px x 80px","80px x 80px"
"80x80 px","80x80 px"
"<a href=""%s"" target=""_blank"">Login</a> to Urban Airship.","<a href=""%s"" target=""_blank"">Masuk</a> ke Urban Airship."
"A Catalog Only App will not support functions such as add to cart, add to wishlist, or login.","Aplikasi hanya katalog tidak akan mendukung fungsi seperti menambahkan ke troli, tambahkan ke daftar keinginan, atau masuk."
"A new password has been sent.","Kata sandi baru telah terkirim."
"About","Mengenai"
"Access forbidden","Akses terlarang"
"Account","Akun"
"Account Information","Informasi Akun"
"Account Settings","Pengaturan Akun"
"Account confirmation is required. Please check your email for the confirmation link.","Konfirmasi akun diperlukan. Silakan cek email anda untuk link konfirmasi."
"Account information has been saved.","Informasi akun telah disimpan."
"Action","Tindakan"
"Action type does\'t recognized","Tipe tindakan tidak dikenali"
"Action type does\'t recognized.","Tipe tindakan tidak dikenali."
"Action type doesn\'t recognized.","Tipe tindakan tidak dikenali."
"Activate","Aktifasi"
"Activate PayPal Checkout","Aktifasi Checkout PayPal"
"Activate PayPal MECL","Aktifasi MECL PayPal"
"Activation Key","Kunci Aktifasi"
"Add","Tambahkan"
"Add Action","Tambahkan Tindakan"
"Add Address from Contacts","Tambahkan Alamat dari Kontak"
"Add App","Tambahkan App"
"Add Custom","Tambahkan Kustom"
"Add New Address","Tambahakan Alamat Baru"
"Add New Template","Tambahkan Template Baru"
"Add Page","Tambahkan Halaman"
"Add To Wishlist","Tambahkan ke Daftar keinginan"
"Add a billing address","Tambahkan alamat penagihan"
"Add a shipping address","Tambahkan alamat pengiriman"
"Add to Cart","Tambahkan ke Troli"
"Add to Wishlist","Tambahkan Daftar keinginan"
"Adding Product to Cart...","Menambahkan Produk ke Troli..."
"Adding Product to WishList...","Menambahkan Produk ke Daftar keinginan..."
"Additional Address","Alamat Tambahan"
"Additional Info","Info Tambahan"
"Address","Alamat"
"Address 2","Alamat 2"
"Address Book","Buku Alamat"
"Address Book Updated","Buku Alamat Diperbarui"
"Address Info","Info Alamat"
"Address book is empty","Buku alamat kosong"
"Address data not specified.","Data alamat tidak ditentukan."
"Address does not belong to this customer.","Alamat bukan milik pelanggan ini."
"Address has been deleted.","Alamat telah dihapus."
"Address has been saved.","Alamat telah disimpan."
"Admin Application Settings","Pengaturan Aplikasi Admin"
"Admin Mobile Application","Aplikasi Mobile Admin"
"Admin application has not been enabled","Aplikasi admin belum dinyalakan"
"Administrative contact for this app and for app submission issues.","Kontak administratif untuk aplikasi ini dan untuk masalah pengiriman aplikasi."
"Advanced Settings","Pengaturan Lanjutan"
"After submitting the App to Magento, please contact <a href=""mailto:%1$s"">%1$s</a> to receive the Application Key, Application Secret and Application Master Secret.","Setelah mengirimkan App ke Magento, silahkan hubungi <a href=""mailto:%1$s"">%1$s</a> Untuk menerima Kunci Aplikasi, Rahasia Aplikasi dan Aplikasi Master Secret."
"AirMail Message Queue","Antrian Pesan AirMail"
"AirMail Messages Queue","Antrian Pesan AirMail"
"AirMail Template Preview","Pratinjau Template AirMail"
"AirMail message","Pesan AirMail"
"AirMail templates","Template AirMail"
"All Allowed Countries","Semua Negara yang Diizinkan"
"All Images","Seluruh Gambar"
"All locations","Seluruh lokasi"
"Amount","Jumlah"
"Amount in %@","Jumlah di %@"
"Amounts","Jumlah"
"An account with this email address already exists.","Akun dengan alamat email ini sudah ada."
"An error occurred while adding item to wishlist.","Terjadi kesalahan saat menambahkan item ke daftar keinginan."
"An error occurred while deleting the address.","Terjadi kesalahan saat menghapus alamat."
"An error occurred while loading categories.","Terjadi kesalahan saat memuat kategori."
"An error occurred while loading category filters.","Terjadi kesalahan saat memuat filter kategori."
"An error occurred while loading configuration.","Terjadi kesalahan saat memuat konfigurasi."
"An error occurred while loading localization.","Terjadi kesalahan saat memuat lokalisasi."
"An error occurred while loading login form.","Terjadi kesalahan saat memuat form masuk."
"An error occurred while loading wishlist.","Terjadi kesalahan saat memuat daftar keinginan."
"An error occurred while processing your order. Please contact us or try again later.","Terjadi kesalahan saat memproses pesanan Anda. Silahkan hubungi kami atau coba lagi nanti."
"An error occurred while processing your request.","Terjadi kesalahan saat memproses permintaan Anda."
"An error occurred while removing item from wishlist.","Terjadi kesalahan saat menghapus item dari daftar keinginan."
"An error occurred while removing items from wishlist.","Terjadi kesalahan saat menghapus item dari daftar keinginan."
"Analytics","Analisis"
"Android","Android"
"Android doesn\'t support AirMail message type.","Android tidak mensuport tipe pesan AirMail."
"App Background","Latar belakang Aplikasi"
"App Background (landscape mode)","Latar belakang Aplikasi (mode landscape)"
"App Background (landscape mode).","Latar belakang Aplikasi (mode landscape)."
"App Background (portrait mode)","Latar belakang Aplikasi (mode potrait)"
"App Background (portrait mode).","Latar belakang Aplikasi (mode potrait)."
"App Background image missing.","Gambar Latar belakang Aplikasi hilang."
"App Code","Kode Aplikasi"
"App Information","Informasi Aplikasi"
"App Name","Nama Aplikasi"
"App Stores","Aplikasi Toko"
"App Submission History","Riwayat Pengajuan Aplikasi"
"App Title","Judul Aplikasi"
"App code","Kode aplikasi"
"App code required.","Kode aplikasi diperlukan."
"App does not exist.","Aplikasi tidak ada."
"App has been deleted.","Aplikasi telah dihapus."
"App has been saved.","Aplikasi telah disimpan."
"App has been submitted.","Aplikasi telah diajukan."
"App model not loaded.","Model aplikasi tidak termuat."
"App with specified code does not exist.","Aplikasi dengan kode yang ditentukan tidak ada."
"Appears in the info section of your app (example: Copyright 2010 – Your Company, Inc.)","Muncul di bagian info aplikasi Anda (contoh: Copyright 2010 – Your Company, Inc.)"
"Application","Aplikasi"
"Application Key","Kunci Aplikasi"
"Application Master Secret","Aplikasi Master Secret"
"Application Name","Nama Aplikasi"
"Application Secret","Aplikasi Secret"
"Application doesn\'t exist.","Aplikasi tidak ada."
"Apply","Terapkan"
"Applying Coupon Code","Terapkan Kode Kupon"
"Applying Gift Card %@","Terapkan Kartu Hadiah %@"
"Are you sure you want to cancel a message?","Anda yakin ingin membatalkan pesan?"
"Are you sure you want to cancel selected records?","Anda yakin ingin membatalkan arsip yang dipilih?"
"Are you sure you want to delete a message?","Anda yakin ingin menghapus pesan?"
"Are you sure you want to delete selected records?","Anda yakin ingin menghapus arsip yang dipilih?"
"Are you sure you want to delete this theme? This change will affect all applications.","Anda yakin ingin menghapus? Perubahan ini akan mempengaruhi seluruh aplikasi."
"Are you sure you want to do this?","Anda yakin ingin melakukan ini?"
"Are you sure you want to remove this item?","Anda yakin ingin menghapus item ini?"
"As Low As","Serendah"
"As Low Excl. Tax","Serendah Tidak termasuk Pajak"
"As Low Incl. Tax","Serendah Termasuk Pajak"
"As a Magento customer, Urban Airship is offering you unlimited Push Notifications and Rich Push for $100/year* along with a 60 day free trial.","Seagai pelanggan Magento, Urban Airship Menawarkan Notifikasi Push yang tidak terbatas dan Rich Push untuk $100/tahun* bersama dengan a 60 hari percobaan gratis."
"As low as","Serendah"
"As low as excl. tax","Serendah tidak termasuk pajak"
"As low as incl. tax","Serendah termasuk pajak"
"At last one application has to be created.","Setidaknya satu aplikasi harus dibuat."
"At least one option should be selected","Setidaknya satu opsi harus dipilih"
"Authentication complete.","Otentikasi selesai."
"Authentication to %@ did failed...","Otentikasi ke %@ gagal..."
"Average Order Amount","Jumlah Rata-rata Pesanan"
"Average Orders","Pesanan Rata-rata"
"Average Rating","Penilaian Rata-rata"
"Back","Kembali"
"Back to App Edit","Kembali ke Edit Aplikasi"
"Background Color","Warna Latar belakang"
"Balance","Saldo"
"Balance Change","Perubahan Saldo"
"Balance History","Riwayat Saldo"
"Banner on Home Screen","Banner pada Layar Utama"
"Banner on Home Screen (landscape mode)","Banner pada Layar Utama (mode landscape)"
"Banner on Home Screen (landscape mode) image missing.","Banner pada Layar Utama (mode landscape) gambar hilang."
"Banner on Home Screen (portrait mode)","Banner pada Layar Utama (mode portrait)"
"Banner on Home Screen (portrait mode) image missing.","Banner pada Layar Utama (mode portrait) gambar hilang."
"Banner on Home Screen image missing.","Gambar Banner pada Layar Utama hilang."
"Banners on Home Screen","Banner pada Layar Utama"
"Best Sellers","Penjualan Terbaik"
"Billing","Penagihan"
"Billing Address","Alamat Penagihan"
"Billing address","Alamat penagihan"
"Billing address has been set.","Alamat penagihan telah di set."
"Bundle Products","Produk Bundel"
"Buy %1$s for %2$s","Beli %1$s untuk %2$s"
"Buy %1$s for %2$s (%3$s incl. tax) each","Beli %1$s untuk %2$s (%3$s termasuk pajak) masing-masing"
"Buy %1$s for %2$s each","Beli %1$s untuk %2$s masing-masing"
"Buy %1$s with %2$s discount each","Beli %1$s dengan %2$s masing-masing diskon"
"Buy More & Save","Beli Lebih & Simpan"
"Buyer country is not allowed by store.","Negara pembeli tidak diperbolehkan oleh toko."
"CMS Page","Halaman CMS"
"CMS Pages haven\'t been found.","Halaman CMS tidak ditemukan."
"Cache Lifetime (seconds)","Cache Lifetime (detik)"
"Cache Management","Pengelolaan Cache"
"Can\'t add item to shopping cart.","Tidak dapat menambahkan item pada troli."
"Can\'t apply the coupon code.","Tidak dapat menerapkan kode kupon."
"Can\'t copy file ""%s"" to ""%s"".","Tidak dapat menyalin file ""%s"" ke ""%s""."
"Can\'t create wishlist.","Tidak dapat membuat daftar keinginan."
"Can\'t delete ""%s"" theme.","Tidak dapat menghapus tema ""%s""."
"Can\'t load XML.","Tidak dapat memuat XML."
"Can\'t load admin application settings.","Tidak dapat memuat pengaturan aplikasi admin."
"Can\'t load application with id ""%s""","Tidak dapat memuat aplikasi dengan id ""%s"""
"Can\'t load cart info.","Tidak dapat memuat info troli."
"Can\'t load cart.","Tidak dapat memuat troli."
"Can\'t load customer form.","Tidak dapat memuat form pelanggan."
"Can\'t load default themes.","Tidak dapat memuat tema standar."
"Can\'t load selected theme. Please check your media folder permissions.","Tidak dapat memuat tema yang dipilih. Harap periksa izin berkas media Anda."
"Can\'t load template with id ""%s""","Tidak dapat memuat template dengan id ""%s"""
"Can\'t open submission form.","Tidak bisa membuka form pengajuan."
"Can\'t read file ""%s"".","Tidak dapat membaca file ""%s""."
"Can\'t remove the item.","Tidak dapat menghapus item."
"Can\'t reset theme.","Tidak dapat memuat ulang tema."
"Can\'t save address.","Tidak dapat menyimpan alamat."
"Can\'t save the customer.","Tidak dapat menyimpan pelanggan."
"Can\'t save theme.","Tidak dapat menyimpan tema."
"Can\'t show configuration.","Tidak dapat menampilkan konfigurasi."
"Can\'t specify product.","Tidak dapat menentukan produk."
"Can\'t submit application.","Tidak dapat mengajukan aplikasi."
"Can\'t update cart.","Tidak dapat memperbarui troli."
"Can\'t write to file ""%s"".","Tidak dapat menulisi file ""%s""."
"Cancel","Batal"
"Canceled","Batalkan"
"Canceling PayPal ...","Membatalkan PayPal ..."
"Cancelled","Dibatalkan"
"Cannot apply gift card.","Tidak dapat menerapkan kartu hadiah."
"Cannot configure product.","Tidak dapat konfigurasi produk."
"Cannot load theme ""%s"".","Tidak dapat memuat tema ""%s""."
"Cannot redeem Gift Card.","Tidak bisa menukarkan Kartu Hadiah."
"Cannot remove gift card.","Tidak bisa menghapus Kartu Hadiah."
"Cannot save theme ""%s"". Incorrect data received","Tidak bisa menyimpan tema ""%s"". data salah diterima"
"Cannot update the item.","Tidak dapat memperbarui item."
"Card Verification Number","Nomer Verifikasi Kartu"
"Card verification number is wrong","Nomer Verifikasi Kartu salah"
"Carrier","Kurir"
"Cart","Troli"
"Cart Updated","Troli Diperbarui"
"Cart has been updated.","Troli telah diperbarui."
"Cart has some errors.","Troli memiliki beberapa kesalahan."
"Cart is empty.","Troli kosong."
"Catalog Only App?","Hanya Aplikasi Katalog?"
"Category","Kategori"
"Category Button Color","Kategori Warna Tombol"
"Category Item Background Color","Kategori Warna Latar Belakang Item"
"Cc:","Cc:"
"Chairs","Kursi"
"Change Orientation","Ubah Orientasi"
"Change Password","Ubah Kata sandi"
"Changes have been saved to theme.","Perubahan telah disimpan ke tema."
"Check","Periksa"
"Check Gift Card","Periksa Kartu Hadiah"
"Check Gift Card Promo Redeemed","Periksa Penukaran Promo Kartu Hadiah"
"Checking Gift Card %@","Periksa Kartu Hadiah %@"
"Checkout","Checkout"
"Checkout Page Registration","Pendaftaran Halaman Checkout"
"Checkout as Guest","Checkout sebagai Pengunjung"
"Checkout as Guest or Register","Checkout sebagai Pengunjung atau Daftar"
"Checkout has been initialized.","Checkout telah diinisialisasi."
"Checkout initialization...","Inisialisasi checkout..."
"Checkout initialized!","Checkout diinisialisasi!"
"Choose Store View","Pilih tampilan toko"
"Choose amount","Pilih jumlah"
"Choose file","Pilih file"
"City","Kota"
"Clear","Bersih"
"Close","Tutup"
"Color Themes","Warna Tema"
"Colors","Warna"
"Commiting updates...","Melakukan pembaruan..."
"Company","Perusahaan"
"Completed","Selesai"
"Configuration data have been saved","Konfigurasi data telah disimpan"
"Configure Cart Item","Konfigurasi Item Troli"
"Confirm New Password","Konfirmasi Kata sandi Baru"
"Confirm Password","Konfirmasi Kata sandi"
"Connecting","Menghubungkan"
"Connection Error\nWe\'re sorry. The app is experiencing connection problems. The app requires a network connection to operate.","Kesalahan Koneksi\nKami\ meminta maaf. Aplikasi mengalami masalah koneksi. Aplikasi ini memerlukan koneksi jaringan untuk beroperasi."
"Contact Email","Email Kontak"
"Contact Information","Informasi Kontak"
"ContactsAreEmpty","KontakKosong"
"Container is not defined.","Kontainer tidak ditentukan."
"Content","Konten"
"Continue","Lanjutkan"
"Copyright","Hakcipta"
"Copyright Page Logo","Hakcipta Logo Halaman"
"Copyright Page Logo (iPhone 4 retina)","Hakcipta Logo Halaman (iPhone 4 retina)"
"Copyright: Magento (c) 2010","Hakcipta: Magento (c) 2010"
"Countries","Negara"
"Countries Payment Applicable From","Pembayaran Negara Berlaku Dari"
"Country","Negara"
"Country options don\'t recognized for ""%s"".","Opsi negara tidak dikenali untuk ""%s""."
"Coupon code %s is not valid.","Kode kupon %s tidak valid."
"Coupon code %s was applied.","Kode kupon %s diterapkan."
"Coupon code is empty.","Kode kupon kosong."
"Coupon code was canceled.","Kode kupon dibatalkan."
"Create Account","Buat Akun"
"Create an Account","Buat sebuah Akun"
"Creating a Template is allowed only for applications which have device type iPhone.","Pembuatan Template hanya diizinkan untuk aplikasi dengan perangkat bertipe iPhone."
"Credit Card","Kartu Kredit"
"Credit Card %s","Kartu Kredit %s"
"Credit Card Number","Nomer Kartu Kredit"
"Credit Card Type","Tipe Kartu Kredit"
"Credit card number does not match credit card type.","Nomer Kartu kredit tidak cocok dengan tipe kartu kredit."
"Cross Sells","Lintas Penjualan"
"Current Balance: %s","Saldo Saat ini: %s"
"Current Password","Kata sandi Saat ini"
"Currently, the system does not support the viewing of the order detail.","Saat ini, sistem tidak mensuport melihat detail pesanan."
"Custom App Icon","Ikon Aplikasi Kustom"
"Custom App Icon (iPhone 4 retina)","Ikon Aplikasi Kustom (iPhone 4 retina)"
"Custom Colors","Warna Kustom"
"Custom amount","Jumlah kustom"
"Customer","Pelanggan"
"Customer Name","Nama Pelanggan"
"Customer authentication problem.","Masalah otentikasi pelanggan."
"Customer balance available in enterprise version of Magento only.","Saldo pelanggan hanya dalam versi enterprise dari Magento."
"Customer balance is disabled for current store","Saldo pelanggan dimatikan untuk toko saat ini"
"Customer email not specified.","Email pelanggan tidak ditentukan."
"Customer logout problem.","Masalah pelanggan keluar."
"Customer not logged in.","Pelanggan tidak dapat masuk."
"Customers","Pelanggan"
"DD","DD"
"Date","Tanggal"
"Date Created","Tanggal Dibuat"
"Date Submitted","Tanggal Diajukan"
"Date Updated","Tanggal Diperbarui"
"Date:","Tanggal:"
"Day","Hari"
"Deeper Messaging and Engagement with Rich Push.","Pesan dan Keterlibatan Lebih dalam dengan Rich Push."
"Default Billing Address","Alamat Penagihan Standar"
"Default Shipping Address","Alamat Pengiriman Standar"
"Default Theme","Tema Standar"
"Default themes are missed.","Tema standar absen."
"Delete","Hapus"
"Delete Action","Hapus Tindakan"
"Delete theme","Hapus tema"
"Deleted","Dihapus"
"Description","Deskripsi"
"Description that appears in Android Market. %s chars maximum. ","Deskripsi yang muncul di Android Market. %s maksimal karakter. "
"Description that appears in the iTunes App Store. %s chars maximum. ","Deskripsi yang muncul di iTunes App Store. %s maksimal karakter. "
"Deselect All","Hapus Semua Pilihan"
"Design","Desain"
"Device","Perangkat"
"Device Information","Informasi Perangkat"
"Device Type","Tipe Perangkat"
"Device doesn\'t recognized","Perangkat tidak dikenali"
"Device doesn\'t recognized. Unable to load a template.","Perangkat tidak dikenali. Tidak dapat memuat template."
"Device doesn\'t recognized: ""%s"". Unable to load a helper.","Perangkat tidak dikenali: ""%s"". Tidak dapat memuat penolong."
"Device doesn\'t recognized: ""%s"". Unable to load preview model.","Perangkat tidak dikenali: ""%s"". Tidak dapat memuat pratinjau model."
"Device type doesn\'t recognized.","Tipe perangkat tidak dikenali."
"Discount code is empty","Kode diskon kosong"
"Discount:","Diskon:"
"Done","Selesai"
"Downloadable Products Updated","Downloadable Produk Diperbarui"
"Downloads limit:","Batas unduhan:"
"E-mail","E-mail"
"Edit","Edit"
"Edit Action","Edit Tindakan"
"Edit Address","Edit Alamat"
"Edit AirMail Message","Edit Pesan AirMail"
"Edit AirMail Message Queue #%s","Edit Antrian Pesan AirMail #%s"
"Edit App ""%s""","Edit Aplikasi ""%s"""
"Edit Filter","Edit Filter"
"Edit Image","Edit Gambar"
"Edit Mail List","Edit Daftar Mail"
"Edit Template ""%s""","Edit Template ""%s"""
"Edit filter","Edit filter"
"Edit note","Edit catatan"
"Either remote URL or application code was not set. Please make sure you filled all the values and try again.","Entah URL jauh atau kode aplikasi tidak di set. Pastikan Anda mengisi semua nilai dan coba lagi."
"Element with id %s already exists","Elemen dengan id %s sudah ada"
"Email","Email"
"Email Address","Alamat Email"
"Email address you provided is not valid. Please provide a valid one.","Alamat email yang anda berikan tidak valid. Silahkan berikan yang valid."
"Email is not correct","Email tidak benar"
"Email is not specified","Email tidak ditentukan"
"Enable Admin Application","Nyalakan Aplikasi Admin"
"Enable AirMail Message Push notification","Nyalakan Pesan AirMail notifikasi Push"
"Enable Facebook","Nyalakan Facebook"
"Enable Flurry Analytics","Nyalakan Flurry Analisis "
"Enable Flurry Analytics for the merchant.","Nyalakan Flurry Analisis untuk penjual."
"Enable LinkedIn","Nyalakan LinkedIn"
"Enable Standard Checkout","Nyalakan Checkout Standar"
"Enable Twitter","Nyalakan Twitter"
"Enter Name","Masukan Nama"
"Enter discount code first.","Masukan kode diskon terlebih dahulu."
"Enter discount code if any","Masukkan kode diskon jika ada"
"Enter e-mail","Masukan e-mail"
"Enter giftcard promo code here","Masukan kode promo giftcard disini"
"Enter text","Masukn teks"
"Enter the gift card code","Masukan kode kartu hadiah"
"Error","Kesalahan"
"Error Loading Configuration Format","Kesalahan Memuat Format Konfigurasi"
"Error during shortening url","Kesalahan saat memendekan url"
"Error message text is missed.","Teks pesan luput."
"Error while processing file ""%s"".","Kesalahan ketika memproses file ""%s""."
"Error while reading data from Payment Bridge. Please, try again.","Kesalahan ketika membaca data dari Jembatan Payment. Silahkan, coba lagi."
"Error while reading remote data","Kesalahan ketika membaca data jauh"
"Error while uploading file ""%s"".","Kesalahan ketika mengunggah file ""%s""."
"Error while uploading file ""%s"". Disallowed file type. Only ""jpg"", ""jpeg"", ""gif"", ""png"" are allowed.","Kesalahan ketika mengunggah file ""%s"". Tipe file tidak diizinkan. Hanya ""jpg"", ""jpeg"", ""gif"", ""png"" yang diizinkan."
"Excl. Tax","Tidak termasuk Pajak"
"Expiration Date - Month","Tanggal Kadaluarsa - Bulan"
"Expiration Date - Year","Tanggal Kadaluarsa - Tahun"
"Expires: %s","Kadaluarsa: %s"
"Extend the life of your app with Urban Airship Push Notifications.","Perluas masa pakai aplikasi Anda dengan Notifikasi Push Urban Airship."
"Extensions","Ekstensi"
"FILTERS APPLIED","FILTERS DITERAPKAN"
"Facebook","Facebook"
"Facebook API","Facebook API"
"Facebook Application ID","ID Aplikasi Facebook"
"Facebook post failed...","Post facebook gagal..."
"Fax","Fax"
"File can\'t be uploaded.","File tidak dapat diunggah."
"File doesn\'t exist ""%s"".","File tidak ada ""%s""."
"Filter","Filter"
"Filters","Filters"
"First Name","Nama Depan"
"Fixed amounts","Jumlah tetap"
"Flurry API Code","Flurry Kode API"
"Flurry Analytics","Flurry Analisis"
"Flurry Analytics Site","Situs Analisis Flurry"
"Fonts","Font"
"Forgot Password","Lupa Kata sandi"
"Forgot Password?","Lupa Kata sandi?"
"Forgot your password?","Lupa kata sandi Anda?"
"Form","Form"
"Free","Gratis"
"From","Dari"
"From Excl. Tax","Dari Tidak termasuk Pajak"
"From Incl. Tax","Dari Termasuk Pajak"
"From excl. tax","Dari tidak termasuk pajak"
"From incl. tax","Dari termasuk pajak"
"Full Description","Deskripsi Penuh"
"Funk Leaf","Funk Leaf"
"Gallery","Galeri"
"General","Umum"
"Generate Offline Catalog","Hasilkan Katalog Offline"
"Get Content from CMS Page","Dapatkan Konten dari Halaman CMS"
"Gift Card ""%s"" was added.","Kartu Hadiah ""%s"" ditambahkan."
"Gift Card ""%s"" was redeemed.","Kartu Hadiah ""%s"" ditukarkan."
"Gift Card ""%s"" was removed.","Kartu Hadiah ""%s"" dihapuskan."
"Gift Card (%s)","Kartu Hadiah (%s)"
"Gift Card amount applied to order: %s","Jumlah Kartu Hadiah diterapkan ke pesanan: %s"
"Gift Card code is empty.","Kode Kartu Hadiah kosong."
"Gift Card: %s","Kartu Hadiah: %s"
"Gift card account available in enterprise version of Magento only.","Kartu hadiah di akun hanya tersedia dalam versi enterprise Magento."
"Giftcard promo code","Kode promo Kartuhadiah"
"Grand Total","Total Keseluruhan"
"Grand Total (Excl. Tax)","Total Keseluruhan (Tidak termasuk Pajak)"
"Grand Total (Incl. Tax)","Total Keseluruhan (Termasuk Pajak)"
"Guest","Pengunjung"
"Header Background Color","Warna Latar Header"
"Header Font Color","Warna Font Header"
"High Resolution Application Icon","Ikon Aplikasi Resolusi Tinggi"
"Home","Halaman Utama"
"Hot Red","Hot Red"
"How do you rate this product?","Bagaimana Anda menilai produk ini??"
"How to incorporate Urban Airship within your application:","Bagaimana menggabungkan Urban Airship Dalam aplikasi Anda:"
"I Agree","Saya Setuju"
"I agree to the Terms and Conditions","Saya setuju dengan Syarat dan Ketentuan"
"ID","ID"
"Icon that will appear on the user\'s device after they download your app.","Ikon yang akan muncul di perangkat pengguna setelah mereka mendownload aplikasi Anda."
"Icon that will appear on the user\'s device after they download your app. You do not need to apply a gradient or soft edges (this is done automatically by Apple).","Ikon yang akan muncul di perangkat pengguna setelah mereka mendownload aplikasi Anda. Anda tidak perlu menerapkan gradien atau haluskan tepi (otomatis dikerjakan oleh Apple)."
"Icon that will appear on the user\'s phone after they download your app.  You do not need to apply a gradient or soft edges (this is done automatically by Apple).","Ikon yang akan muncul di ponsel pengguna setelah mereka mendownload aplikasi Anda.  Anda tidak perlu menerapkan gradien atau haluskan tepi (otomatis dikerjakan oleh Apple)."
"Icon that will appear on the user\'s phone after they download your app. You do not need to apply a gradient or soft edges (this is done automatically by Apple).","Ikon yang akan muncul di ponsel pengguna setelah mereka mendownload aplikasi Anda. Anda tidak perlu menerapkan gradien atau haluskan tepi (otomatis dikerjakan oleh Apple)."
"Icons","Ikon"
"If leave this field empty, the message will be sent immediately","Jika membiarkan field ini kosong, pesan akan segera terkirim"
"If you want to disable the cache on the application side, leave the field empty. Warning! When disabling cache, the application will take time to load each page.","Jika Anda ingin mematikan cache pada aplikasi, biarkan field kosong. Peringatan! Ketika mematikan cache, Aplikasi akan memakan waktu untuk memuat setiap halaman."
"Image %s is required.","Gambar %s diperlukan."
"Image action has been saved.","Tindakan gambar telah disimpan."
"Image does not exist. Please reload this page.","Gambar tidak ada. Silahkan muat ulang halaman ini."
"Image file was not found.","File gambar tidak ditemukan."
"Image has been deleted.","Gambar telah dihapus."
"Image id is required.","Id gambar diperlukan."
"Image limits don\'t recognized for ""%s"" image type","Batas gambar tidak dikenali untuk ""%s"" tipe gambar"
"Image that appears on first screen while your app is loading.","Gambar yang muncul di layar pertama saat aplikasi Anda dimuat."
"Image type doesn\'t recognized: ""%s"".","Tipe gambar tidak dikenali: ""%s""."
"Image type is required.","Tipe gambar diperlukan."
"Images","Gambar"
"Images order has been updated.","Gambar pesanan telah diperbarui."
"In Queue","Dalam Antrian"
"In Stock","Dalam Stok"
"In addition, click here to review Urban Airship\'s Terms of Service: <a href=""%s"" target=""_blank"">click here</a>.","Sebagai tambahan, Klik di sini untuk meninjau Persyaratan Layanan Urban Airship: <a href=""%s"" target=""_blank"">klik disini</a>."
"In order to resubmit your app, you need to first purchase a <a href=""%s"" target=""_blank"">%s</a> from MagentoCommerce","Untuk mengajukan ulang aplikasi Anda, Anda harus terlebih dahulu membeli sebuah <a href=""%s"" target=""_blank"">%s</a> dari MagentoCommerce"
"In order to submit your app, you need to first purchase a <a href=""%s"" target=""_blank"">%s</a> from MagentoCommerce","Untuk mengajukan aplikasi Anda, Anda harus terlebih dahulu membeli sebuah <a href=""%s"" target=""_blank"">%s</a> dari MagentoCommerce"
"Inactive Tabs","Tab Tidak aktif"
"Incl. Tax","Termasuk Pajak"
"Incl. tax","Termasuk pajak"
"Initialization PayPal ...","Inisialisasi PayPal ..."
"Initialization of the PayPal checkout failed!","Inisialisasi checkout PayPal gagal!"
"Invalid XML.","XML Tidak Valid."
"Invalid current password.","Kata sandi saat ini tidak valid."
"Invalid customer data.","Data pelanggan tidak valid."
"Invalid data.","Data tidak valid."
"Invalid email address.","Alamat email tidak valid."
"Invalid item or wishlist.","Item atau daftar keinginan tidak valid."
"Invalid login or password.","Masuk atau kata sandi tidak valid."
"Invalid shipping method.","Metode pengiriman tidak valid."
"Issue Number","Nomer Pembuatan"
"It\'s not allowed to delete submitted application.","Tidak diizinkan untuk menghapus aplikasi yang diajukan."
"Item","Item"
"Item Options","Opsi Item"
"Item has been added to cart.","Item telah ditambahkan ke troli."
"Item has been deleted from cart.","Item telah dihapus dari troli."
"Item has been removed from wishlist.","Item telah dihapus dari daftar keinginan."
"Items","Items"
"Items were updated. But can\'t update wishlist.","Item telah diperbarui. Namun tidak dapat memperbarui daftar keinginan."
"Keep your image size below %s KB for optimal performance.","Simpan ukuran gambar Anda di bawah %s KB untuk performa optimal."
"Key","Kunci"
"Keywords","Kata kunci"
"Label","Label"
"Landscape app Background","Latar aplikasi landscape"
"Landscape banners on Home Screen","Banner landscape pada Tampilan Depan"
"Large iTunes Icon","Ikon iTunes besar"
"Large icon that appears in the iTunes App Store. You do not need to apply a gradient or soft edges (this is done automatically by Apple).","Ikon besar yang tampil di iTunes App Store. Anda tidak perlu menerapkan gradien atau haluskan tepi (otomatis dikerjakan oleh Apple)."
"Last 5 Orders","5 Pesanan Terakhir"
"Last 5 Search Terms","5 Istilah Pencarian Terakhir"
"Last Name","Nama Belakang"
"Last update: %@","Pembaruan terakhir: %@"
"Lifetime Sales","Masa Penjualan"
"LindedIn","LindedIn"
"Link:","Link:"
"LinkedIn","LinkedIn"
"LinkedIn API","LinkedIn API"
"LinkedIn API Key","LinkedIn Kunci API"
"LinkedIn Authorization","Otorisasi LinkedIn"
"LinkedIn Autorization","Otorisasi LinkedIn"
"LinkedIn Secret Key","LinkedIn Kunci Rahasia"
"Linkedin post failed...","Linkedin gagal post..."
"List of downloadable products is empty","Daftar produk yang dapat didownload kosong"
"Load more items","Muat item lebih banyak"
"Loader Splash Screen","Pemuat Splash Screen"
"Loader Splash Screen (iPhone 4 retina)","Pemuat Splash Screen (iPhone 4 retina)"
"Loader Splash Screen (landscape mode)","Pemuat Splash Screen (mode landscape)"
"Loader Splash Screen (portrait mode)","Pemuat Splash Screen (mode portrait)"
"Loading %@...","Memuat %@..."
"Loading Account Form...","Memuat Form Akun..."
"Loading Address Book...","Memuat Buku Alamat..."
"Loading Address Form...","Memuat Form Alamat..."
"Loading CMS page ...","Memuat halaman CMS ..."
"Loading Cart...","Memuat Troli..."
"Loading Gallery...","Memuat Galeri..."
"Loading Login Form...","Memuat Form Masuk..."
"Loading My Downloadable Products...","Memuat Produk Saya yang Dapat Diunduh..."
"Loading Order Details","Memuat Detail Pesanan"
"Loading Orders List...","Memuat Daftar Pesanan..."
"Loading Preview...","Memuat Pratinjau..."
"Loading Product Options...","Memuat Pilihan Produk..."
"Loading Products...","Memuat Produk..."
"Loading Registration Form...","Memuat Form Pendaftaran..."
"Loading Restore Password Form...","Memuat Pemulihan Form Kata sandi..."
"Loading Store Credit...","Memuatkan Kredit Toko..."
"Loading WishList...","Memuat Daftar Keinginan..."
"Loading Write Review Form...","Memuat Tulis Form Ulasan..."
"Loading category ...","Memuat kategori ..."
"Loading more items...","Memuat lebih banyak item..."
"Loading product ...","Memuat produk ..."
"Loading shipping methods ...","Memuat metode pengiriman ..."
"Loading...","Memuat..."
"Locations","Lokasi"
"Log In","Masuk"
"Log Out","Keluar"
"Log in to Admin Panel","Masuk ke Panel Admin"
"Log into Account","Masuk kedalam Akun"
"Log into your account","Masuk kedalam akun Anda"
"Log out Account","Keluar dari Akun"
"LogInMessageTitle","MasukJudulPesan"
"Login and password are required.","Masuk dan kata sandi diperlukan."
"Logo in Header","Logo pada Header"
"Logo in Header image missing.","Logo pada Header hilang."
"Logout complete.","Keluar Selesai."
"MEP is PayPal\'s native checkout experience for the iPhone. You can choose to use MEP alongside standard checkout, or use it as your only checkout method for Magento mobile. PayPal MEP requires a <a href=""%s"">PayPal business account</a>","MEP adalah pengalaman checkout asli PayPal untuk iPhone. Anda dapat memilih untuk menggunakan MEP di samping checkout standar, atau digunakan sebagai satu-satunya metode checkout untuk ponsel Magento. PayPal MEP memerlukan <a href=""%s"">akun bisnis PayPal</a>"
"MM","MM"
"Mailbox title","Judul kotak surat"
"Main Tabs","Tab Utama"
"Make Inactive","Buat tidak aktif"
"Make this app available in the following territories","Buat aplikasi ini tersedia di wilayah berikut"
"Manage Apps","Kelola Aplikasi"
"Manage Mobile App","Kelola Aplikasi Ponsel"
"Maximum length is 140","Panjang maksimal 140"
"Maximum length is 255","Panjang maksimal 255"
"Maximum size: %s KB.","Besar maksimal: %s KB."
"Maximum: %.2f","Maksimal: %.2f"
"Merchant Label","Label Penjual"
"Merge","Gabungkan"
"Message","Pesan"
"Message Queue","Antrian Pesan"
"Message Settings","Pengaturan Pesan"
"Message Templates","Template Pesan"
"Message Title","Judul Pesan"
"Message Type","Tipe Pesan"
"Message can be edited when status of the message is ""In Queue"" only.","Pesan bisa diedit hanya saat status pesan tersebut ""Dalam Antrian""."
"Message content","Konten pesan"
"Message text is missed.","Teks pesan terabaikan."
"Message title","Judul pesan"
"Message too long, please use 140 symbols","Pesan terlalu panjang, mohon gunakan 140 simbol"
"Message type doesn\'t recognized","Tipe pesan tidak dikenali"
"Minimize","Perkecil"
"Minimum %@, maximum %@","Minimal %@, maksimal %@"
"Minimum: %.2f","Minimal: %.2f"
"Mobile","Mobile"
"Mobile Express Checkout has been canceled.","Checkout Mobile Ekspres telah dibatalkan."
"Mobile Express Checkout processed successfully.","Checkout Mobile Ekspres berhasil diproses."
"Month","Bulan"
"More","Lebih"
"More Info","Info Lebih Lanjut"
"More Tabs","Lebih banyak Tab"
"Most Viewed Products","Produk yang Paling Banyak Dilihat"
"My Account","Akun Saya"
"My Downloadable Products","Produk saya yang Dapat didownload"
"My Orders","Pesanan Saya"
"My Wishlist","Daftar Keinginan Saya"
"Name","Nama"
"Name on Card","Nama pada Kartu"
"Name that appears beneath your app when users install it to their device. We recommend choosing a name that is 10-12 characters and that your customers will recognize. %s chars max.","Nama yang muncul di bawah aplikasi Anda saat pengguna menginstalnya ke perangkat mereka. Sebaiknya pilih nama yang terdiri dari 10-12 karakter yang akan pelanggan kenali. %s maksimal karakter."
"New AirMail Message","Pesan AirMail Baru"
"New AirMail Message Queue","Antrian Pesan AirMail Baru"
"New App","Aplikasi Baru"
"New Customers","Pelanggan Baru"
"New Password","Kata sandi Baru"
"New Template","Template Baru"
"New to Our Store?","Baru di Toko Kami?"
"Nickname","Nama panggilan"
"No","Tidak"
"No Payment Information Required","Tidak ada Informasi pembayaran Diperlukan"
"No Ratings","Tidak ada Penilaian"
"No internet connection. Retry later ...","Tidak ada koneksi internet. Coba lagi nanti ..."
"No items were specifed to update.","Tidak ada item ditentukan untuk diperbarui."
"No items were updated.","Tidak ada item diperbarui."
"No product selected.","Tidak ada produk dipilih."
"No products found. Please retry with other term","Tidak ada produk ditemukan. Silakan coba lagi dengan istilah lain"
"No shipping method required.","Tidak ada metode pengiriman yang diperlukan."
"No such file ""%s"".","Tidak ada file ""%s""."
"Not Submitted","Tidak Diajukan"
"Note: Image size affects the performance of your app.","Catatan: Besar gambar mempengaruhi kinerja aplikasi Anda."
"Notice","Pemberitahuan"
"Number of Orders","Jumlah Pesanan"
"Number of Uses","Jumlah Penggunaan"
"OK","OK"
"OR, Pay with Standard Checkout","ATAU, Bayar dengan Checkout Standar"
"Offline Catalog","Katalog Offline"
"Offline cart stored on server","Troli ofline tersimpan di server"
"Offline catalog export complete.","Ekspor katalog offline selesai."
"Offline catalog export failed.","Ekspor katalog offline gagal."
"One or more keywords that describe your app. Keywords are matched to users\' searches in the App Store and help return accurate search results. Separate multiple keywords with commas. 100 chars is maximum.","Satu atau lebih kata kunci yang menggambarkan aplikasi Anda. Kata kunci dicocokkan dengan penelusuran pengguna di App Store Dan membantu menghasilkan pencarian yang akurat. Pisahkan beberapa kata kunci dengan koma. Maksimal 100 karakter."
"Onepage checkout is disabled.","Checkout satu halaman dinonaktifkan."
"Only custom theme can be deleted","Hanya tema kustom yang dapat dihapus"
"Only default theme can be reset","Hanya tema standar yang dapat direset"
"Only free apps are allowed in this version.","Hanya aplikasi gratis yang diizinkan di versi ini."
"Only registered users can write reviews. Please, log in or register.","Hanya pengguna terdaftar yang bisa menulis review. Silahkan, masuk atau daftar."
"Open","Buka"
"Options","Opsi"
"Options menu items","Opsi item menu"
"Order","Pesanan"
"Order #","Pesanan #"
"Order #%s - %s","Pesanan #%s - %s"
"Order Date: %s","Tanggal Pesanan: %s"
"Order Details Updated","Detail Pesanan Diperbarui"
"Order ID","ID Pesanan"
"Order ID:","ID Pesanan:"
"Order Info","Info Pesanan"
"Order List Updated","Daftar Pesanan Diperbarui"
"Order Number","Nomer Pesanan"
"Order Review","Ulasan Pesanan"
"Order canceled","Pesanan dibatalkan"
"Order failed","Pesanan gagal"
"Order id is not specified.","Id pesanan tidak ditentukan."
"Order is not available.","Pesanan tidak tersedia."
"Ordered","Dipesan"
"Ordered Items","Item Dipesan"
"Orders","Pesanan"
"Other amount","Jumlah Pesanan"
"Out of Stock","Kekurangan Stok"
"Output format is not specified. Please, specify ""format"" key in constructor, or set it using setFormat().","Format output tidak ditentukan. Silahkan, tentukan ""format"" kunci di konstruktor, atau set menggunakan setFormat()."
"Overall Activity","Aktifitas Keseluruhan"
"POST data is not valid.","Data POST tidak valid."
"Pages","Halaman"
"Password","Kata sandi"
"Password fields cannot be empty.","Field kata sandi tidak boleh kosong."
"Password is not specified","Kata sandi tidak ditentukan"
"Password:","Kata sandi:"
"PayPal","PayPal"
"PayPal Checkout","PayPal Checkout"
"PayPal MECL is the mobile version of PayPal\'s Express Checkout service. You can choose to use MECL alongside standard checkout, or use it as your only checkout method for Magento Mobile.","PayPal MECL Adalah versi mobile dari layanan Checkout Ekspres PayPal. Anda bisa memilih MECL disamping checkout standar, atau gunakan sebagai satu-satunya metode checkout untuk Magento Mobile."
"PayPal MEP","PayPal MEP"
"PayPal Mobile Embedded Payment (MEP)","PayPal Mobile Embedded Payment (MEP)"
"PayPal Mobile Express Checkout","PayPal Mobile Express Checkout"
"PayPal Mobile Express Checkout Library (MECL)","PayPal Mobile Express Checkout Library (MECL)"
"PayPal Mobile Express Checkout Token does not exist.","PayPal Token Checkout Mobile Ekspres tidak ada."
"Payer Email: %s","Email Pembayar: %s"
"Payment Applicable From","Pembayaran Berlaku Dari"
"Payment Bridge module unavailable.","Modul Pembayaran Bridge tidak tersedia."
"Payment Information","Informasi Pembayaran"
"Payment Method","Metode Pembayaran"
"Payment Method has been set.","Metode Pembayaran telah di set."
"Payment Methods","Metode Pembayaran"
"Payment method","Metode pembayaran"
"Payment method was successfully set.","Metode pembayaran berhasil ditetapkan."
"Paypal MEP doesn\'t support checkout with any discount.","Paypal MEP Tidak mensuport checkout dengan diskon apapun."
"Place Order","Tempatkan Pesanan"
"Placing order ...","Menempatkan pesanan ..."
"Please <a href=""%s"" target=""_blank"">click here</a> to see how to setup and retrieve API credentials.","Harap <a href=""%s"" target=""_blank"">klik disini</a> Untuk melihat cara menyiapkan dan menerima kredensial API."
"Please Select Application","Silahkan Pilih Aplikasi"
"Please Select Device Type","Silahkan Pilih Tipe Perangkat"
"Please agree to all the terms and conditions before placing the order.","Setujui semua persyaratan dan ketentuan sebelum melakukan pemesanan."
"Please create and save an application first.","Harap buat dan simpan aplikasi terlebih dulu."
"Please enter ""App Title"".","Please enter ""Judul Aplikasi""."
"Please enter a valid URL. Protocol is required (http://, https:// or ftp://)","Silahkan masukan URL yang valid. Protokol diperlukan (http://, https:// atau ftp://)"
"Please enter a valid date.","Silahkan masukan tanggal yang valid."
"Please enter a valid email address. For example johndoe@domain.com.","Silahkan masukan alamat email. Contoh johndoe@domain.com."
"Please enter at least one email recipient","Harap masukkan setidaknya satu penerima email"
"Please enter issue number or start date for switch/solo card type.","Harap masukkan nomor penerbitan atau tanggal mulai untuk tipe kartu beralih / solo."
"Please enter the Activation Key.","Harap masukan Kunci Aktivasi."
"Please enter the Copyright.","Harap masukan Hak cipta."
"Please enter the Description.","Harap masukan Deskripsi."
"Please enter the Price.","Harap masukan Harga."
"Please enter the Resubmission Key.","Harap masukkan Kunci Pengajuan Ulang."
"Please enter the Title.","Harap masukan Judul."
"Please make sure your passwords match.","Pastikan kata sandi Anda cocok."
"Please save application first.","Harap simpan aplikasi terlebih dahulu."
"Please select an option.","Silahkan pilih opsi."
"Please select at least one country.","Harap pilih setidaknya satu negara."
"Please select payment method to cover a quote","Harap pilih metode pembayaran untuk menutup penawaran"
"Please set email","Harap setel email"
"Please specify payment method","Harap tentukan metode pembayaran"
"Please specify shipping method","Harap tentukan metode pengiriman"
"Please upload  an image for ""App Background (landscape mode)"" field from Design Tab.","Upload gambar untuk ""Field Latar Aplikasi (mode landscape)"" dari Tab Desain."
"Please upload  an image for ""App Background (portrait mode)"" field from Design Tab.","Upload gambar untuk ""Field Latar Aplikasi (mode potrait)"" dari Tab Desain."
"Please upload  an image for ""App Background"" field from Design Tab.","Upload gambar untuk ""Field Latar Aplikasi"" dari Tab Desain."
"Please upload  an image for ""Banner on Home Screen (landscape mode)"" field from Design Tab.","Upload gambar untuk ""Banner pada field Layar Utama (mode landscape)"" dari Tab Desain."
"Please upload  an image for ""Banner on Home Screen (portrait mode)"" field from Design Tab.","Upload gambar untuk ""Banner pada field Layar Utama (mode potrait)"" dari Tab Desain."
"Please upload  an image for ""Banner on Home Screen"" field from Design Tab.","Upload gambar untuk ""Banner pada field Layar Utama"" dari Tab Desain."
"Please upload  an image for ""Logo in Header"" field from Design Tab.","Upload gambar untuk ""Field Logo di Header"" dari Tab Desain."
"Please use letters only (a-z or A-Z) in this field.","Harap hanya gunakan huruf (a-z atau A-Z) di field ini."
"Please use numbers only in this field. Please avoid spaces or other characters such as dots or commas.","Harap hanya gunakan angka di field ini. Hindari spasi atau karakter lain seperti titik atau koma."
"Please use only letters (a-z or A-Z) or numbers (0-9) only in this field. No spaces or other characters are allowed.","Harap hanya gunakan huruf (a-z atau A-Z) atau angka (0-9) di field ini. Tidak ada spasi atau karakter lain diizinkan."
"Please wait...","Harap tunggu..."
"Please, specify gift card amount!","Harap, tentukan jumlah kartu hadiah!"
"Portrait app Background","Latar belakang aplikasi Potrait"
"Portrait banners on Home Screen","Banner Potrait pada Layar Utama"
"Post data is empty.","Data post kosong."
"Post this product to your wall","Post produk ini di wall Anda"
"Posting to e-mails","Posting ke e-mails"
"Preferred size: %spx x %spx.","Ukuran pilihan: %spx x %spx."
"Preset Theme","Tema Preset"
"Preview","Pratinjau"
"Price","Harga"
"Price Font Color","Warna Font Harga"
"Price excluding tax","Harga tidak termasuk pajak"
"Price including tax","Harga termasuk pajak"
"Primary Color","Warna Utama"
"Primary Font Color","Warna Utama Font"
"Problem changing or sending password.","Terjadi masalah saat mengubah atau mengirim kata sandi."
"Proceed to Checkout","Lanjutkan ke Pembayaran"
"Product","Produk"
"Product Added to Cart","Produk Ditambahkan ke Troli"
"Product Added to Wishlist","Produk Ditambahkan ke Daftar Keinginan"
"Product Gallery Updated","Galeri Produk Diperbarui"
"Product Name3 ","Nama Produk3 "
"Product Name3 1","Nama Produk3 1"
"Product Name3 2","Nama Produk3 2"
"Product Options Updated","Opsi Produk Diperbarui"
"Product Removed From Wishlist","Produk Dihapus Dari Daftar Keinginan"
"Product Reviews Updated","Ulasan Produk Diperbarui"
"Product SKU","SKU Produk"
"Product Updated","Produk Diperbarui"
"Product added","Produk ditambahkan"
"Product is out of stock","Produk kehabisan stok"
"Product is unavailable.","Produk tidak tersedia."
"Product only available on the website.","Produk hanya tersedia di website."
"Product succesfully added to cart","Produk berhasil ditambahkan ke troli"
"Product was not specified.","Produk tidak ditentukan."
"Product(s) currently out of stock.","Produk(beberapa) saat ini kehabisan stok."
"Products","Produk"
"Pull Down To Update..","Tarik ke Bawah Untuk Memperbarui.."
"Purchase Order Number","Nomor Pesanan Pembelian"
"Push Notification","Notifikasi Push"
"Push Notifications allow you to send messages directly to the people who have installed your app on their device. Send messages to your full audience even when your app is closed. Push Notifications are one of the best ways to keep your app active by delivering valuable content directly to your customers. Learn more about Push Notifications - <a href=""%1$s"" target=""_blank"">%1$s</a>","Notifikasi push memungkinkan Anda mengirim pesan langsung ke orang-orang yang telah menginstal aplikasi Anda di perangkat mereka. Kirim pesan ke pemirsa penuh meskipun aplikasi Anda ditutup. Notifikasi push Adalah salah satu cara terbaik untuk menjaga agar aplikasi tetap aktif dengan mengirimkan konten berharga secara langsung ke pelanggan Anda. Pelajari lebih lanjut tentang Notifikasi Push - <a href=""%1$s"" target=""_blank"">%1$s</a>"
"Push Title","Judul Push"
"Push message","Pesan push"
"Push title","Judul push"
"Qty","Kuantitas"
"Qty:","Kuantitas:"
"Quantity","Kuantitas"
"Quantity:","Kuantitas:"
"Queue Date","Tanggal Antrian"
"Queue Message","Pesan Antrian"
"Queue does not exist.","Antrian tidak ada."
"Queue is allowed only for applications with enabled Push Notification.","Antrian diizinkan hanya untuk aplikasi dengan Notifikasi Push yang diaktifkan."
"Quote instance is required.","Contoh Quote diperlukan."
"Quote item is not found.","Item Quote tidak ditemukan."
"Range param doesn\'t recognized","Range param tidak dikenali"
"Ratings and Reviews","Rating dan Ulasan"
"Read the Terms and Conditions","Baca Syarat dan Ketentuan"
"Recent Activity","Aktifitas Belakangan ini"
"Recipient Information","Informasi Penerima"
"Recommended size %spx x %spx.","Ukuran yang disarankan %spx x %spx."
"Recommended size: %spx x %spx at %s dpi.","Ukuran yang disarankan: %spx x %spx pada %s dpi."
"Recommended size: %spx x %spx.","Ukuran yang disarankan: %spx x %spx."
"Recover","Pulihkan"
"Redeem","Tukarkan"
"Redeeming Gift Card %@","Tukarkan Kartu Hadiah %@"
"Redemption functionality is disabled.","Fungsi penukaran dimatikan."
"Refunded","Dikembalikan"
"Regions","Wilayah"
"Register","Daftar"
"Registering cart ...","Mendaftarkan troli ..."
"Registering user ...","Mendaftarkan pengguna ..."
"Regular","Biasa"
"Regular and confirmation passwords must be equal","Kata sandi biasa dan konfirmasi harus sama"
"Related Product Background Color","Warna Latar Belakang Produk Terkait"
"Release To Update...","Rilis Untuk Pembaruan..."
"Relevance","Hubungan"
"Remaining downloads","Sisa download"
"Remove","Lepas"
"Remove Address...","Lepaskan Alamat..."
"Removing %@...","Melepaskan %@..."
"Removing Coupon...","Melepas Kupon..."
"Removing Gift Card...","Melepas Kartu Hadiah..."
"Removing Product from WishList...","Melepas Produk dari Daftar Keinginan..."
"Removing Store Credit...","Melepaskan Kredit Toko..."
"Request param %s is missed","Permintaan param %s tidak terjawab"
"Required size: %spx x %spx.","Ukuran yang diperlukan: %spx x %spx."
"Reset theme to default","Setel ulang tema ke standar"
"Resubmission Key","Tombol Pengajuan Ulang"
"Resubmit App","Ajukan ulang Aplikasi"
"Resubmit App failure. %s","Ajukan ulang kegagalan Aplikasi. %s"
"Results","Hasil"
"Revenue","Pendapatan"
"Revert","Kembalikan"
"Revert Discount","Kembalikan Diskon"
"Review","Ulas"
"Rich Push allows you to create and send engaging experiences by adding HTML and other rich media components to your push notifications. Moving beyond alerts and badge updates, Rich Push takes users into the app while displaying content in a customizable WebKit view. Create branded messages that engage your users with new content and information, all without having to update your app. Learn more about Rich Push - <a href=""%1$s"" target=""_blank"">%1$s</a>","Rich Push Memungkinkan Anda membuat dan mengirim pengalaman menarik dengan menambahkan HTML dan komponen rich media lain ke push notifikasi Anda. Bergerak melampaui peringatan dan pembaruan lencana, Rich Push Membawa pengguna ke aplikasi sambil menampilkan konten Dalam tampilan kustom WebKit. Buat pesan bermerek yang melibatkan pengguna Anda dengan konten dan informasi baru, Semua tanpa harus memperbarui aplikasi Anda. Pelajari Rich Push lebih lanjut - <a href=""%1$s"" target=""_blank"">%1$s</a>"
"SORT BY:","URUTKAN OLEH:"
"Sample","Sampel"
"Samples","Sampel"
"Save","Simpan"
"Save As","Simpan Sebagai"
"Save Theme","Simpan Tema"
"Save and Continue Edit","Simpan dan Lanjutkan Edit"
"Save and Submit App","Simpan dan Ajukan Aplikasi"
"Save in address book","Simpan di buku alamat"
"Saving Address...","Menyimpan Alamat..."
"Saving changes ...","Menyimpan perubahan ..."
"Saving shipping address ...","Menyimpan alamat pengiriman ..."
"Saving shipping methods ...","Menyimpan metode pengiriman ..."
"Screen resolution is not supported","Resolusi layar tidak didukung"
"Screens:","Layar:"
"Scroll Background Color","Scroll Warna Latar"
"Search","Pencarian"
"Search Term","Istilah Pencarian"
"Search Updated","Pembaharuan Pencarian"
"Searching for %@...","Pencarian untuk %@..."
"Secondary Color","Warna Sekunder"
"Secondary Font Color","Warna Font Sekunder"
"See all","Lihat semua"
"Select %@","Pilih %@"
"Select All","Pilih Semua"
"Select Chart","Pilih Troli"
"Select Links","Pilih Link"
"Select Options","Pilih Opsi"
"Select Payment Method","Pilih Metode Pembayaran"
"Select Range","Pilih Jarak"
"Select a","Pilih sebuah"
"Select a Billing Address","Pilih Alamat Penagihan"
"Select a Shipping Address","Pilih Alamat Pengiriman"
"Select from Address Book","Pilih dari Buku Alamat"
"Select shipping method","Pilih metode pengiriman"
"Selected product is unavailable.","Produk yang dipilih tidak tersedia."
"Send","Kirim"
"Sender Information","Informasi Pengirim"
"Sending e-mail failed...","Gagal mengirim e-mail..."
"Set","Setel"
"Settings","Pengaturan"
"Shake device to reset the filter","Goyang perangkat untuk mengatur ulang filter"
"Share","Bagikan"
"Share on LinkedIn","Bagikan ke LinkedIn"
"Share on Twitter","Bagikan ke Twitter"
"Ship method","Metode kirim"
"Shipped","Dikirim"
"Shipping","Pengiriman"
"Shipping Address","Alamat Pengiriman"
"Shipping Method","Metode Pengiriman"
"Shipping address","Alamat pengiriman"
"Shipping address has been set.","Alamat pengiriman telah di setel."
"Shipping method","Metode pengiriman"
"Shipping method has been set.","Metode pengiriman telah di setel."
"Shipping method is required","Metode pengiriman diperlukan"
"Shipping method successfully updated","Metode pengiriman berhasil diperbarui"
"Shipping to this address is not possible.","Pengiriman ke alamat ini tidak memungkinkan."
"Shop","Belaja"
"Shop All","Belanja Semua"
"Shop Updated","Pembaharuan Belanja"
"Shopping Cart","Troli Belanja"
"Shopping cart is empty.","Troli belanja kosong."
"Show Password","Tampilkan Kata sandi"
"Sign In","Masuk"
"Signing In...","Sedang Masuk..."
"Signing Out ...","Sedang Keluar ..."
"Sky Blue","Sky Blue"
"Social Networking","Jaringan Sosial"
"Some emails were not sent.","Beberapa email tidak terkirim."
"Sorry, no quotes are available for this order at this time.","Maaf, tidak ada penawaran yang tersedia untuk pesanan ini saat ini."
"Sorry, there are no items in this category.","Maaf, tidak ada item di kategori ini."
"Special","Spesial"
"Special Excl. Tax","Spesial Tidak termasuk Pajak"
"Special Incl. Tax","Spesial Termasuk Pajak"
"Specific Countries","Negara Tertentu"
"Specified address does not exist.","Alamat yang ditentukan tidak ada."
"Specified invalid app code.","Kode aplikasi tidak valid ditentukan."
"Specified invalid data.","Data yang tidak valid ditentukan."
"Specified item does not exist in wishlist.","Item yang ditentukan tidak ada dalam daftar keinginan."
"Standard Checkout","Checkout Standar"
"Standard Checkout uses the checkout methods provided by Magento. Only inline payment methods are supported. (e.g PayPal Direct,  Authorize.Net, etc.)","Checkout standar Menggunakan metode checkout yang disediakan oleh Magento. Hanya metode pembayaran inline yang didukung. (e.g PayPal Direct,  Authorize.Net, dsb.)"
"Start Date","Tanggal Mulai"
"Start Date - Month","Tanggal Mulai - Bulan"
"Start Date - Year","Tanggal Mulai - Tahun"
"Starting At","Dimulai Pada"
"Starting At Excl. Tax","Dimulai Pada Tidak termasuk Pajak"
"Starting At Incl. Tax","Dimulai Pada Termasuk Pajak"
"Starting at excl. tax","Dimulai pada tidak termasuk pajak"
"Starting at incl. tax","Dimulai pada termasuk pajak"
"State/Province","Negara/Provinsi"
"Status","Status"
"Storage of offline cart on server failed. Please retry later","Penyimpanan troli offline di server gagal. Silakan coba lagi nanti"
"Store Credit Info Updated","Informasi Kredit Toko Diperbarui"
"Store Credit payment is not being used in your shopping cart.","Pembayaran kredit toko tidak digunakan pada troli Anda."
"Store View","Tampilan Toko"
"Store credit","Kredit Toko"
"Store logo that is displayed on copyright page of app.","Logo toko yang ditampilkan pada halaman hak cipta aplikasi."
"Store switcher hasn\'t been defined","Peralihan toko belum di definisikan"
"Street Address","Alamat Jalan"
"Street Address 2","Alamat Jalan 2"
"Subject:","Subjek:"
"Submission","Pengajuan"
"Submission Fields","Field Pengajuan"
"Submission History","Riwayat Pengajuan"
"Submit App","Ajukan Aplikasi"
"Submit App ""%s""","Ajukan Aplikasi ""%s"""
"Submit App failure. %s","Ajukan kegagalan Aplikasi. %s"
"Submit App failure. Invalid activation key provided","Ajukan kegagalan Aplikasi. Kunci aktivasi tidak valid disediakan"
"Submit Review","Ajukan Review"
"Submitted","Diajukan"
"Submitting Review...","Mengajukan Ulasan..."
"Subtotal","Subtotal"
"Subtotal (Excl. Tax)","Subtotal (Tidak termasuk Pajak)"
"Subtotal (Incl. Tax)","Subtotal (Termasuk Pajak)"
"Subtotal Excl. Tax","Subtotal Tidak Termasuk Pajak"
"Subtotal Incl. Tax","Subtotal Termasuk Pajak"
"Subtotal excluding tax","Subtotal tidak termasuk pajak"
"Subtotal incl. tax:","Subtotal termasuk pajak:"
"Subtotal including tax","Subtotal termasuk pajak"
"Subtotal:","Subtotal:"
"Success","Berhasil"
"Successfully posted to Facebook","Berhasil dipost ke Facebook"
"Successfully posted to Linkedin","Berhasil dipost ke Linkedin"
"Summary of Your Review","Ringkasan Ulasan Anda"
"Swipe a product to reveal more options","Geser produk untuk menampilkan lebih banyak pilihan"
"T-Shirts","T-Shirts"
"Tabs","Tab"
"Tax","Pajak"
"Telephone","Telepon"
"Tell a Friend","Beritahu Teman"
"Tell a Friend is disabled.","Beritahu Teman dimatikan."
"Tell a Friend link has been sent.","Link Beritahu Teman telah terkirim."
"Template","Template"
"Template Content","Template Konten"
"Template Name","Template Nama"
"Template does not exist.","Template tidak ada."
"Template for new AirMail Message does not exist.","Template untuk Pesan AirMail yang Baru tidak ada."
"Template has been deleted.","Template telah terhapus."
"Terms And Conditions","Syarat dan Ketentuan"
"Text length does not satisfy specified max text range.","Panjang teks tidak memenuhi batas teks maksimal yang ditentukan."
"Text length does not satisfy specified min text range.","Panjang teks tidak memenuhi batas teks minimal yang ditentukan."
"Thank you for registering!","Terima kasih telah mendaftar!"
"Thank you for your purchase! ","Terima kasih atas pembelian Anda! "
"The %s field should be filled.","Field %s haruslah diisi."
"The Mailbox title will be shown in the More Info tab. To understand more about the title, please <a target=""_blank"" href=""http://www.magentocommerce.com/img/product/mobile/helpers/mail_box_title.png"">click here</a>","Judul Kotak Surat akan ditampilkan di tab Info Lainnya. Untuk lebih memahami judulnya, harap <a target=""_blank"" href=""http://www.magentocommerce.com/img/product/mobile/helpers/mail_box_title.png"">klik disini</a>"
"The application is currently inactive.\nPlease try again later.","Aplikasi saat ini tidak aktif.\nSilahkan coba lagi nanti."
"The cart is empty","Troli kosong"
"The custom amount value should be higher than 0.","Jumlah nilai kustom harus lebih tinggi dari 0."
"The custom amount value should not be higher than %s.","Jumlah nilai kustom tidak boleh lebih tinggi dari %s."
"The custom amount value should not be lower than %s.","Jumlah nilai kustom tidak boleh kurang dari %s."
"The following email(s) are either mistyped or have incorrect format. Check them and try again:\n","Email(beberapa) berikut salah ketik atau salah format. Periksa dan coba lagi:\n"
"The icon that appears in the Android Market.","Ikon yang muncul di Android Market."
"The length of the text in the %s field is too big. Please shorten the text.","Panjang teks pada field %s terlalu besar. Harap perpendek teks."
"The max length of the field ""%@"" is %d!","Panjang maksimum teks field ""%@"" adalah %d!"
"The minimum password length is 6","Panjang minimal kata sandi adaah 6"
"The server responded with invalid data.","Server merespons dengan data yang tidak benar."
"The shortening service returned status code %d indicating a client side error.","Shortening service mengembalikan kode status %d Menunjukkan kesalahan pada sisi klien."
"The shortening service returned status code %d indicating a server side error.","Shortening service mengembalikan kode status %d Menunjukkan kesalahan pada sisi server."
"The store credit payment has been removed from shopping cart.","Pembayaran kredit toko telah dihapus dari troli."
"The value is too big!","Nilainya terlalu besar!"
"The value should not be greater than %.2f!","Nilai tidak boleh lebih besar dari %.2f!"
"The value should not be less than %.2f!","Nilai tidak boleh kurang dari %.2f!"
"Theme configurations are successfully reset.","Konfigurasi tema berhasil direset."
"Theme has been created.","Tema telah dibuat."
"Theme has been delete.","Tema telah dihapus."
"Theme label can\'t be empty","Label tema tidak boleh kosong"
"Theme label:","Labet tema:"
"Theme name is not set.","Nama tema belum disetel."
"There are files that were selected but not uploaded yet. After switching to another tab your selections may be lost. Do you wish to continue ?","Ada file yang dipilih tapi belum diunggah. Setelah beralih ke tab lain pilihan Anda mungkin hilang. Anda yakin ingin melanjutkan ?"
"There are no items here","Tidak ada item disini"
"There are no items in your cart","Tidak ada item di troli Anda"
"There is an error in loading an app\'s configuration","Ada kesalahan saat memuat konfigurasi aplikasi"
"There is an error in retrieving the data. Please try again later","Kesalahan saat menerima data. Silahkan coba lagi nanti"
"There is no addresses for this contact","Tidak ada alamat untuk kontak ini"
"There is no store credit history!","Tidak ada riwayat simpan kredit!"
"There were some problems with the data.","Terdapat masalah pada data."
"This email address was not found in our records.","Alamat email ini tidak ditemukan dalam arsip kami."
"This functionality disabled in offline mode","Fungsi ini dimatikan pada mode offline"
"This is a required field.","Ini merupakan field wajib."
"This product has no images.","Produk ini tidak memiliki gambar."
"Title","Judul"
"Title bar","Bar judul"
"To","Kepada"
"To Excl. Tax","Kepada Tidak termasuk Pajak"
"To Incl. Tax","Kepada Termasuk Pajak"
"To activate PayPal MEP payment method activate Express checkout first. ","Untuk mengaktifkan metode pembayaran PayPal MEP aktifkan checkout ekspres terlebih dahulu. "
"To excl. tax","Kepada tidak termasuk pajak"
"To incl. tax","Kepada termasuk pajak"
"To preview the newly uploaded images, please save your application first.","Untuk meninjau gambar yang baru diupload, silahkan simpan aplikasi Anda terlebih dahulu."
"To:","Kepada:"
"Token has not been set.","Token belum di set."
"Too many recipients have been set.  Max amount of recipients is:","Terlalu banyak penerima telah diset.  Jumlah maksimal penerima adalah:"
"Top Search Terms","Istilah Pencarian Teratas"
"Total","Total"
"Total Order Amount","Jumlah Total Pesanan"
"Total incl. Tax: %1$s","Total termasuk Pajak: %1$s"
"Total incl. tax","Total termasuk Pajak"
"Totals","Totals"
"Touch and hold a product to delete from shopping cart","Sentuh dan tahan produk untuk dihapus dari keranjang belanja"
"Touch and hold a product to reveal more options","Sentuh dan tahan produk Untuk memperlihatkan lebih banyak pilihan"
"Try Again","Coba Lagi"
"Twitter","Twitter"
"Twitter API","Twitter API"
"Twitter API Key","Twitter Kunci API"
"Twitter Authorization","Twitter Otorisasi"
"Twitter Autorization","Twitter Otorisasi"
"Twitter Secret Key","Twitter Kunci Rahasia"
"Twitter post failed...","Post Twitter gagal..."
"Type","Tipe"
"Type and data is required","Tipe dan data diperlukan"
"URL","URL"
"Unable to cancel Mobile Express Checkout.","Tidak dapat membatalkan Checkout Mobile Ekspres."
"Unable to cancel queue.","Tidak dapat membatalkan antrian."
"Unable to collect cart totals.","Tidak dapat mengumpulkan total troli."
"Unable to delete queue.","Tidak dapat menghapus antrian."
"Unable to find an app to delete.","Tidak dapat menemukan aplikasi untuk dihapus."
"Unable to find template to delete.","Tidak dapat menemukan template untuk dihapus."
"Unable to get shipping methods list.","Tidak bisa mendapatkan daftar metode pengiriman."
"Unable to initialize MEP Checkout.","Tidak dapat menginisialisasi MEP Checkout."
"Unable to initialize PayPal Mobile Express Checkout.","Tidak dapat menginisialisasi PayPal Mobile Ekspres Checkout."
"Unable to initialize express checkout review.","Tidak dapat menginisialisasi ulasan checkout ekspres."
"Unable to initialize express checkout shipping method list.","Tidak dapat menginisialisasi daftar metode pengiriman checkout ekspres."
"Unable to initialize return action.","Tidak dapat menginisialisasi tindakan balasan."
"Unable to load addresses.","Tidak dapat memuat alamat."
"Unable to load application form.","Tidak dapat memuat form aplikasi."
"Unable to load banners.","Tidak dapat memuat banner."
"Unable to load billing address form.","Tidak dapat memuat form alamat penagihan."
"Unable to load billing address.","Tidak dapat memuat alamat penagihan."
"Unable to load categories.","Tidak dapat memuat kategori."
"Unable to load checkout.","Tidak dapat memuat checkout."
"Unable to load localization.","Tidak dapat memuat lokalisasi."
"Unable to load order list.","Tidak dapat memuat daftar pesanan."
"Unable to load order review.","Tidak dapat memuat ulasan pesanan."
"Unable to load product gallery.","Tidak dapat memuat galeri produk."
"Unable to load product info.","Tidak dapat memuat info produk."
"Unable to load product options.","Tidak dapat memuat opsi produk."
"Unable to load product review.","Tidak dapat memuat ulasan produk."
"Unable to load product reviews.","Tidak dapat memuat ulasan produk."
"Unable to load review form.","Tidak dapat memuat form ulasan."
"Unable to load search.","Tidak dapat memuat pencarian."
"Unable to load shipping address form.","Tidak dapat memuat form alamat pengiriman."
"Unable to place the order.","Tidak dapat menempatkan pesanan."
"Unable to post the review.","Tidak dapat mempost ulasan."
"Unable to process preview.","Tidak dapat memproses pratinjau."
"Unable to render a gift card account.","Tidak dapat membuat akun kartu hadiah."
"Unable to render an order.","Tidak dapat membuat pesanan."
"Unable to render downloadable products.","Tidak dapat membuat produk yang dapat didownload."
"Unable to render the store credits.","Tidak dapat membuat kredit toko."
"Unable to save app.","Tidak dapat menyimpan aplikasi."
"Unable to save message.","Tidak dapat menyimpan pesan."
"Unable to save shipping address.","Tidak dapat menyimpan alamat pengiriman."
"Unable to save shipping method.","Tidak dapat menyimpan metode pengiriman."
"Unable to save template.","Tidak dapat menyimpan template."
"Unable to start MEP Checkout.","Tidak dapat memulai Checkout MEP."
"Unable to start Mobile Express Checkout.","Tidak dapat memulai Checkout Mobile Ekspres."
"Unable to update shipping method.","Tidak dapat memperbarui metode pengiriman."
"Undefined","Tidak didefinisikan"
"Unit Price","Harga Satuan"
"Unit Price:","Harga Satuan:"
"Unknown Error","Kesalahan Tidak dikenal"
"Unknown Error.","Kesalahan Tidak dikenal."
"Unknown Payment Bridge Error","Kesalahan Pembayaran Bridge Tidak dikenal"
"Unknown error ocured. Please retry later","Terjadi kesalahan tak dikenal. Silahkan coba nanti"
"Unsupported character in path: ""%s""","Karakter tidak didukung pada path: ""%s"""
"Unsupported value type received","Jenis nilai tidak didukung telah diterima"
"Update Comment Error","Kesalahan pada Pembaruan Komentar"
"Update Preview","Pratinjau Pembaruan"
"Updating ...","Memperbarui ..."
"Updating Cart...","Memperbarui Troli..."
"Upon receiving these credentials, please fill in the corresponding fields.","Setelah menerima kredensial ini, silahkan isi kolom yang sesuai."
"Urban Airship Push Notification","Push Notifikasi Urban Airship"
"Use Billing Address","Gunakan Alamat Penagihan"
"Use Store Credit (%s available)","Gunakan Kredit Toko (%s tersedia)"
"Use as my default billing address","Gunakan sebagai standar alamat penagihan saya"
"Use as my default shipping address","Gunakan sebagai standar alamat pengiriman saya"
"Use billing address for shipping","Gunakan alamat penagihan untuk pengiriman"
"User Name:","Nama Pengguna:"
"User session is expired","Sesi pengguna berakhir"
"Version","Versi"
"View Cart","Lihat Troli"
"View Details","Lihat Detail"
"View Gallery","Lihat Galeri"
"View Wishlist","Lihat Daftar keinginan"
"Warning: All related AirMail messages will be deleted!","Peringatan: Seluruh pesan AirMail yang terkait akan dihapus!"
"Website is offline","Website sedang offline"
"Website is offline.","Website sedang offline."
"WishList Updated","Daftar keinginan diperbarui"
"Wishlist has been cleared.","Daftar keinginan telah dibersihkan."
"Wishlist has been updated.","Daftar keinginan telah diperbarui."
"Wishlist has been updated. But there are accrued some errors while updating some items.","Daftar keinginan telah diperbarui. Tapi ada beberapa kesalahan saat memperbarui beberapa item."
"Wishlist is empty.","Daftar keinginan kosong."
"Write a Review","Tulis Ulasan"
"Write a review","Tulis ulasan"
"Wrong Ipad background image orientation has been specified: ""%s"".","Orientasi gambar latar belakang Ipad yang salah sudah ditentukan: ""%s""."
"Wrong PayPal Mobile Express Checkout Token specified.","Token Checkout Ekspres PayPal Mobile Token ditentukan."
"Wrong device type.","Tipe perangkat salah."
"Wrong email format","Format email salah"
"Wrong or expired Gift Card Code.","Kode Kartu Hadiah salah atau kedaluwarsa."
"Wrong theme format.","Format tema salah."
"YYYY","YYYY"
"Year","Tahun"
"Yes","Ya"
"You are already logged in.","Anda sudah masuk."
"You are not logged in","Anda belum masuk"
"You can watch statistics here.","Anda bisa melihat statistik di sini."
"You canceled your order. Touch ""Pay with PayPal"" to try again.","Anda membatalkan pesanan Anda. Sentuh ""Bayar dengan PayPal"" untuk coba lagi."
"You have entered an incorrect decimal value in the custom amount field. Provide a valid value.","Anda telah memasukkan nilai desimal yang salah di field jumlah kustom. Berikan nilai yang valid."
"You have placed no orders.","Anda tidak menempatkan pesanan."
"You have uncommitted actions. Commit?","Anda memiliki tindakan yang tidak terjalankan. Jalankan?"
"You may also like","Anda mungkin juga suka ini"
"You must login first","Anda harus masuk terlebih dahulu"
"You must read and agree to the Terms and Conditions before placing your order.","Anda harus membaca dan menyetujui Syarat dan Ketentuan sebelum melakukan pemesanan."
"You need to enable PayPal Express Checkout first from the Payment configuration before enabling PayPal MECL.","Anda harus menyalakan PayPal Checkout Ekspres terlebih dahulu dari konfigurasi Pembayaran sebelum menyalakan PayPal MECL."
"You will receive an order confirmation email with details of your order and a link to track its progress.","Anda akan menerima email konfirmasi pesanan dengan rincian pesanan Anda dan link untuk melacak perkembangannya."
"Your current balance is:","Saldo Anda saat ini:"
"Your order # is: %s. ","Pesanan Anda # adalah: %s. "
"Your order cannot be completed at this time as there is no payment methods available for it.","Pesanan Anda tidak dapat diselesaikan saat ini karena tidak ada metode pembayaran yang tersedia."
"Your order failed. Touch ""Pay with PayPal"" to try again.","Pesanan Anda gagal. Sentuh ""Bayar dengan PayPal"" untuk coba lagi."
"Your review has been accepted for moderation.","Ulasan Anda telah diterima untuk moderasi."
"Your tweet has been sent. Thanks for sharing this product on Twitter","Tweet Anda telah dikirim. Terimakasih telah membagikan produk ini di Twitter"
"Zip/Postal Code","Kode Pos"
"\'%s\' exceeds the allowed file size: %d (bytes)","\'%s\' melebihi besar file yang diizinkan : %d (bytes)"
"\'%s\' height exceeds allowed value of %d px","\'%s\' tinggi melebihi nilai yang diizinkan dari %d px"
"\'%s\' is not a valid file extension. Allowed extensions: %s","\'%s\' bukan ekstensi file yang valid. Ekstensi yang diizinkan: %s"
"\'%s\' width exceeds allowed value of %d px","\'%s\' lebar melebihi nilai yang diizinkan dari %d px"
"and","dan"
"as Guest","sebagai Pengunjung"
"each","masing-masing"
"field is required","field wajib"
"iPad","iPad"
"iPhone","iPhone"
"image_id is required","image_id diperlukan"
"not set","belum disetel"
"required","diperlukan"
"save","simpan"
"ver. %s","versi %s"
