" The customer does not exist in the system anymore."," Pelanggan tidak lagi tersedia di dalam sistem."
" [deleted]"," [terhapus]"
" and "," dan "
"%s (Default Template from Locale)","%s (Template Standar dari Locale)"
"%s cache type(s) disabled.","%s tipe cache(s) dimatikan."
"%s cache type(s) enabled.","%s tipe cache(s) diaktifkan."
"%s cache type(s) refreshed.","%s tipe cache(s) disegarkan."
"(For Type ""Local Server"" need to use relative path to Magento install var/export or var/import, e.g. var/export, var/import, var/export/some/dir, var/import/some/dir)","(Untuk Tipe ""Local Server"" dibutuhkan penggunaan relative path to Magento install var/export or var/import, e.g. var/export, var/import, var/export/some/dir, var/import/some/dir)"
"(For US 2-letter state names)","(Untuk US 2-Huruf nama negara)"
"(If left empty will be auto-generated)","(Jika dibiarkan kosong akan auto-generated)"
"(Leave empty for first spreadsheet)","(Biarkan kosong untuk spreadsheet pertama)"
"(Products will be added/updated to this store if 'store' column is blank or missing in the import file.)","(Produk akan ditambahkan/diperbarui ke this store jika kolom 'store' kosong atau hilang di dalam import file.)"
"(Shift-)Click or drag to change value","(Shift-)Klik atau geser ke change value"
"(Starting with)","(Diawali oleh)"
"(When 'No', only mapped fields will be imported. When mapping, use 'column1', 'column2', etc.)","(Ketika 'No', hanya mapped fields yang akan ter import. Ketika mapping, gunakan 'column1', 'column2', dst.)"
"(You have to increase php memory_limit before changing this value)","(Anda diharuskan meningkatkan php memory_limit sebelum merubah value ini)"
"(\\t for tab)","(\\t untuk tab)"
"* - If indexing is in progress, it will be killed and new indexing process will start.","* - Jika indexing sedang dalam progress, indexing tersebut akan di hentikan dan proses indexing baru akan dimulai."
"* Required Fields","* Fields Wajib"
"- Click on any of the time parts to increase it","- Klik bagian waktu manapun untuk meningkatkan"
"- Hold mouse button on any of the above buttons for faster selection.","- Tahan tombol mouse di tombol manapun yang tersedia di atas untuk seleksi yang lebih cepat."
"- Use the %s buttons to select month","- Gunakan tombol %s untuk memilih bulan"
"- Use the %s, %s buttons to select year","- Gunakan tombol %s untuk memilih tahun"
"- or Shift-click to decrease it","- atau Shift-klik untuk mengurangi"
"- or click and drag for faster selection.","- atau klik dan geser untuk seleksi yang lebih cepat."
"-- Not Selected --","-- Tidak Terpilih --"
"-- Please Select --","-- Mohon Pilih --"
"-- Please Select Billing Agreement--","-- Mohon Pilih Persetujuan Billing--"
"-- Please Select a Category --","-- Mohon Pilih sebuah Kategori --"
"-- Please select --","-- Mohon pilih --"
"--Please Select--","--Mohon Pilih--"
"1 Hour","1 Jam"
"12 Hours","12 Jam"
"12h AM/PM","12h AM/PM"
"2 Hours","2 Jam"
"24 Hours","24 Jam"
"24h","24h"
"2YTD","2YTD"
"6 Hours","6 Jam"
"<h1 class=""page-heading"">404 Error</h1><p>Page not found.</p>","<h1 class=""page-heading"">404 Error</h1><p>Halaman tidak ditemukan.</p>"
"<strong>%s</strong> requests access to your account","<strong>%s</strong> meminta akses pada akun anda"
"<strong>Attention</strong>: Captcha is case sensitive.","<strong>Attention</strong>: Captcha is case sensitive."
"A user with the same user name or email aleady exists.","Seorang pengguna memiliki nama pengguna yang sama atau email sudah terdata."
"API Key","API Key"
"API Key Confirmation","Konfirmasi API Key"
"ASCII","ASCII"
"Abandoned Carts","Pembatalan Kantung Belanja"
"About the calendar","Mengenai kalender"
"Access Denied","Akses Ditolak"
"Access denied","Akses ditolak"
"Access denied.","Akses ditolak."
"Account Created in:","Akun Dibuat pada:"
"Account Created on (%s):","Akun Dibuat pada (%s):"
"Account Created on:","Akun Dibuat pada:"
"Account Information","Informasi Akun"
"Account Status","Status Akun"
"Account status","status Akun"
"Action","Tindakan"
"Actions","Tindakan"
"Actions XML","Tindakan XML"
"Active","Aktif"
"Add","Tambah"
"Add Exception","Tambah Pengecualian"
"Add Field Mapping","Tambah Field Mapping"
"Add Field with URL:","Tambah Field dengan URL:"
"Add New","Tambah Baru"
"Add New Image","Tambah Gambar Baru"
"Add New Profile","Tambah Profile Baru"
"Add New Role","Tambah Role Baru"
"Add New Template","Tambah Template Baru"
"Add New URL Rewrite","Tambah URL Rewrite Baru"
"Add New User","Tambah Pengguna Baru"
"Add New Variable","Tambah Variable Baru"
"Add Products","Tambah Produk"
"Add URL Rewrite","Tambah URL Rewrite"
"Add URL Rewrite for a Category","Tambah URL Rewrite Untuk sebuah Kategori"
"Add URL Rewrite for a Product","Tambah URL Rewrite Untuk sebuah Produk"
"Add after","Tambah sesudah"
"Additional Cache Management","Tambahan Managemen Cache"
"Address Type:","Tipe Alamat:"
"Admin","Admin"
"Advanced Admin Section","Bagian Admin Lanjutan"
"Advanced Profiles","Profiles Lanjutan"
"Advanced Section","Bagian Lanjutan"
"After authorization application will have access to your account.","Setelah pengizinan aplikasi akan memiliki akses ke akun anda."
"All","Semua"
"All Allowed Countries","Semua Negara yang Diizinkan"
"All Cache","Semua Cache"
"All Files","Semua Files"
"All Reviews","Semua Reviews"
"All Store Views","Semua peninjau Toko"
"All Tags","Semua Tag"
"All Websites","Semua Websites"
"All countries","Semua negara"
"All fields","Semua fields"
"All possible rates were fetched, please click on ""Save"" to apply","Semua kemungkinan nilai rata-rata sudah didapatkan, mohon klik pada ""Save"" untuk menggunakan"
"All rates were fetched, please click on ""Save"" to apply","Semua nilai rata-rata sudah didapatkan, mohon klik pada ""Save"" untuk menggunakan"
"All valid rates have been saved.","Semua nilai rata-rata sah telah tersimpan."
"Always (during development)","Selalu (selama pengembangan)"
"Amounts","Jumlah"
"An error has occured while syncronizing media storages.","Terjadi sebuah kesalahan selagi mengsinkronisasikan penyimpanan media."
"An error occurred while clearing the JavaScript/CSS cache.","Terjadi sebuah kesalahan selagi membersihkan JavaScript/CSS cache."
"An error occurred while clearing the image cache.","Terjadi sebuah kesalahan selagi membersihkan cache gambar."
"An error occurred while deleting URL Rewrite.","Terjadi sebuah kesalahan selagi menghapus URL Rewrite."
"An error occurred while deleting email template data. Please review log and try again.","Terjadi sebuah kesalahan selagi menghapus email template data. Mohon tinjau catatan log dan coba kembali."
"An error occurred while deleting record(s).","Terjadi sebuah kesalahan selagi menghapus arsip(s)."
"An error occurred while deleting this role.","Terjadi sebuah kesalahan selagi menghapus role ini."
"An error occurred while deleting this set.","Terjadi sebuah kesalahan selagi menghapus kumpulan ini."
"An error occurred while deleting this template.","Terjadi sebuah kesalahan selagi Menghapus template ini."
"An error occurred while finishing process. Please refresh the cache","Terjadi sebuah kesalahan selagi menyelesaikan proses. Mohon segarkan cache"
"An error occurred while rebuilding the CatalogInventory Stock Status.","Terjadi sebuah kesalahan selagi rebuilding Status Stok Penyimpanan Katalog."
"An error occurred while rebuilding the catalog index.","Terjadi sebuah kesalahan selagi rebuilding indeks katalog."
"An error occurred while rebuilding the flat catalog category.","Terjadi sebuah kesalahan selagi rebuilding flat catalog category."
"An error occurred while rebuilding the flat product catalog.","Terjadi sebuah kesalahan selagi rebuilding flat product catalog."
"An error occurred while rebuilding the search index.","Terjadi sebuah kesalahan selagi rebuilding indeks pencarian."
"An error occurred while refreshing the Catalog Rewrites.","Terjadi sebuah kesalahan selagi menyegarkan Catalog Rewrites."
"An error occurred while refreshing the Layered Navigation indices.","Terjadi sebuah kesalahan selagi menyegarkan indeks Layered Navigation."
"An error occurred while refreshing the catalog rewrites.","Terjadi sebuah kesalahan selagi menyegarkan catalog rewrites."
"An error occurred while refreshing the layered navigation indices.","Terjadi sebuah kesalahan selagi menyegarkan indeks layered navigation."
"An error occurred while saving URL Rewrite.","Terjadi sebuah kesalahan selagi menyimpan URL Rewrite."
"An error occurred while saving account.","Terjadi sebuah kesalahan selagi menyimpan akun."
"An error occurred while saving review.","Terjadi sebuah kesalahan selagi menyimpan tinjauan."
"An error occurred while saving the customer.","Terjadi sebuah kesalahan selagi menyimpan customer."
"An error occurred while saving this configuration:","Terjadi sebuah kesalahan selagi menyimpan konfigurasi ini:"
"An error occurred while saving this role.","Terjadi sebuah kesalahan selagi menyimpan Role ini."
"An error occurred while saving this template.","Terjadi sebuah kesalahan selagi menyimpan template ini."
"An error occurred while updating the selected review(s).","Terjadi sebuah kesalahan selagi meng-update tinjauan yang terpilih(s)."
"Any","Manapun"
"Any Attribute Set","Atribut Set Manapun"
"Any Group","Grup Manapun"
"Any Status","Status Manapun"
"Any Store","Toko Manapun"
"Any Type","Tipe Manapun"
"Any Visibility","Visibility Manapun"
"Any data created since the backup was made will be lost including admin users, customers and orders.","Data manapun yang dibuat sejak dibuatnya backup akan hilang termasuk admin pengguna, pelanggan dan pesanan."
"Archive file name:","Arsip nama file:"
"Are you sure that you want to delete this template?","Apa anda yakin ingin menghapus template ini?"
"Are you sure that you want to strip tags?","Apa anda yakin ingin mencopot tag?"
"Are you sure you want to do this?","Apa anda yakin ingin melakukan ini?"
"Are you sure you want to proceed?","Apa anda yakin ingin lanjut?"
"Area","Area"
"As low as:","Rendah:"
"Assigned","Menempatkan"
"Associated Tags","Tag Terkait"
"Attribute Set Name:","Atribut Kumpulan Nama:"
"Attributes","Atribut"
"Authorization confirmed","Kewenangan dikonfirmasi"
"Authorize","Wewenang"
"Authorize application","Kewenangan aplikasi"
"Authorized OAuth Tokens","Pengizinan OAuth Tokens"
"Automatic (equalize price ranges)","Otomatis (menyamakan rentang harga)"
"Automatic (equalize product counts)","Otomatis (menyamakan perhitungan produk)"
"Average Order Amount","Rata-rata Jumlah Pesanan"
"Average Orders","Rata-rata Pesanan"
"BINARY","BINARY"
"Back","Kembali"
"Back to Login","Kembali ke Login"
"Backup","Backup"
"Backup Name","Backup Nama"
"Backup options","Backup options"
"Backups","Backups"
"Base currency","Mata uang pokok"
"Bcc","Bcc"
"Bestsellers","Penjualan terbaik"
"Billing Address","Alamat Billing"
"Billing Address: ","Alamat Billing: "
"Billing Agreement","Persetujuan Billing"
"Billing Agreements","Persetujuan Billing"
"Block Information","Blok Informasi"
"Both (without and with tax)","Kedua (tanpa dan dengan pajak)"
"Both IPN and PDT","Kedua IPN and PDT"
"Browse Files...","jelajah Files..."
"Bundle with dynamic pricing cannot include custom defined options. Options will not be saved.","Bundle dengan harga dinamis tidak bisa memasukan custom defined options. Options tidak akan tersimpan."
"CMS","CMS"
"CRITICAL","CRITICAL"
"CSV","CSV"
"CSV / Tab separated","CSV / Tab terpisah"
"Cache Control","Kontrol Cache"
"Cache Control (beta)","Kontrol Cache (beta)"
"Cache Management","Managemen Cache"
"Cache Type","Tipe Cache"
"Cancel","Batal"
"Cannot add new comment.","Tidak dapat menambahkan komentar baru."
"Cannot add tracking number.","Tidak dapat menambahkan nomer tracking."
"Cannot create an invoice without products.","Tidak dapat membuat tagihan tanpa produk."
"Cannot create credit memo for the order.","Tidak dapat membuat credit memo untuk pesanan."
"Cannot delete the design change.","Tidak dapat menghapus perubahan design."
"Cannot delete tracking number.","Tidak dapat manghapus nomer tracking."
"Cannot do shipment for the order separately from invoice.","Tidak dapat melakukan pengiriman untuk pesanan yang terpisah dari tagihan."
"Cannot do shipment for the order.","Tidak dapat melakukan pengiriman untuk pesanan."
"Cannot initialize shipment for adding tracking number.","Tidak dapat inisialisasi pengiriman untuk menambahkan nomer tracking."
"Cannot initialize shipment for delete tracking number.","Tidak dapat inisialisasi pengiriman untuk menghapus nomer tracking."
"Cannot load track with retrieving identifier.","Tidak dapat memuat track dengan identitas penerima."
"Cannot retrieve tracking number detail.","Tidak dapat menerima detil nomer tracking."
"Cannot save shipment.","Tidak dapat menyimpan pengiriman."
"Cannot save the credit memo.","Tidak dapat menyimpan credit memo."
"Cannot send shipment information.","Tidak dapat mengirim informasi pengiriman."
"Cannot update item quantity.","Tidak dapat memperbarui kuantitas barang."
"Cannot update the item\'s quantity.","Tidak dapat memperbarui kuantitas barang\ barang-barang."
"Catalog","Katalog"
"Catalog Price Rules","Katalog Peraturan Harga"
"Catalog Rewrites","Katalog Rewrites"
"Categories","Kategori"
"Category","Kategori"
"Category:","Kategori:"
"Chart is disabled. If you want to enable chart, click <a href=""%s"">here</a>.","Kantung Belanja di matikan. Jika ingin mangaktifkan kantung belanja, klik <a href=""%s"">here</a>."
"Checkbox","Checkbox"
"Child Transactions","Transaksi Anak"
"Choose Store View:","Pilih Tampilan Toko:"
"Choose an attribute","Pilih sebuah atribut"
"Chosen category does not associated with any website, so url rewrite is not possible.","Kategori yang terpilih tidak terkait dengan website manapun, jadi url rewrite tidak memungkinkan."
"Chosen product does not associated with any website, so url rewrite is not possible.","Produk yang terpilih tidak terkait dengan website manapun, jadi url rewrite tidak memungkinkan."
"Clear","Bersihkan"
"Close","Tutup"
"Code","Kode"
"Comment text field cannot be empty.","Teks field komen tidak boleh kosong."
"Complete","Tuntas"
"Config form fieldset clone model required to be able to clone fields","Config form fieldset clone model dibutuhkan untuk dapat menduplikat fields"
"Configuration","Konfigurasi"
"Confirm New Password","Konfirmasi Password Baru"
"Confirm token authorization Pop Up for admin","Konfirmasi kewenangan token Pop Up untuk admin"
"Confirm token authorization for admin","Konfirmasi kewenangan token untuk admin"
"Confirmation Of Authorization","Konfirmasi Kewenangan "
"Confirmed email:","Email terkonfirmasi:"
"Connect with the Magento Community","Menyembungkan dengan the Komunitas Magento"
"Continue","Lanjutkan"
"Convert to Plain Text","Ubah ke Teks Biasa"
"Cookie (unsafe)","Cookie (tidak aman)"
"Country","Negara"
"Country:","Negara:"
"Coupons","Tiket"
"Create","Membuat"
"Create DB Backup","Buat DB Backup"
"Create New Attribute","Buat Atribut Baru"
"Create URL Rewrite:","Buat URL Rewrite:"
"Created At","Buat Pada"
"Credit Card %s","Kartu Credit %s"
"Credit Memo History","Riwayat Credit Memo"
"Credit Memo Totals","Total Credit Memo"
"Credit Memos","Credit Memos"
"Credit memo #%s comment added","Credit memo #%s komen ditambahkan"
"Credit memo #%s created","Credit memo #%s dibuat"
"Credit memo\'s total must be positive.","Credit memo\'s total harus positif."
"Currency","Mata Uang"
"Currency ""%s"" is used as %s in %s.","Mata Uang ""%s"" digunakan sebagai %s dalam %s."
"Currency Information","Informasi Mata Uang"
"Currency Setup Section","Bagian Penyiapan Mata Uang"
"Current Configuration Scope:","Lingkup Konfigurasi Saat ini:"
"Current Month","Bulan ini"
"Custom","Custom"
"Custom Variable ""%s""","Custom Variable ""%s"""
"Custom Variables","Custom Variables"
"Customer","Pelanggan"
"Customer Group:","Grup Pelanggan:"
"Customer Groups","Grup Pelanggan"
"Customer Name","Nama Pelanggan"
"Customer Reviews","Tinjauan Pelanggan"
"Customer Shopping Carts","Kantung Belanja Pelanggan"
"Customer Since:","Pelanggan Semenjak:"
"Customer Tax Classes","Classes Pajak Pelanggan"
"Customer with the same email already exists.","Pelanggan dengan email yang sama sudah terdata."
"Customers","Pelanggan"
"Customers by Number of Orders","Pelanggan berdasar Jumlah Pesanan"
"Customers by Orders Total","Pelanggan berdasar Total Pesanan"
"DHTML Date/Time Selector","DHTML Pemilihan Tanggal/Waktu"
"Dashboard","Dashboard"
"Data Format","Data Format"
"Data transfer:","Data transfer:"
"Database","Database"
"Dataflow - Advanced Profiles","Alurdata - Profil Lanjutan"
"Dataflow - Profiles","Alurdata - Profil"
"Date","Tanggal"
"Date & Time","Tanggal & Waktu"
"Date Added","Tanggal Ditambahkan"
"Date Updated","Tanggal Diperbarui"
"Date selection:","Seleksi tanggal:"
"Date selector","Pemilih tanggal"
"Day","Hari"
"Decimal separator:","Decimal separator:"
"Default (Admin) Values","(Admin) Nilai Standar"
"Default Billing Address","Standar Alamat Billing"
"Default Config","Pengaturan Standar"
"Default Template from Locale","Template Standar dari Locale"
"Default Values","Nilai Standar"
"Default display currency ""%s"" is not available in allowed currencies.","Tampilan mata uang default ""%s"" tidak tersedia pada mata uang yang diizinkan."
"Default scope","Lingkup standar"
"Delete","Hapus"
"Delete %s","Hapus %s"
"Delete %s '%s'","Hapus %s '%s'"
"Delete File","Hapus File"
"Delete Image","Hapus Gambar"
"Delete Profile","Hapus Profile"
"Delete Role","Hapus Role"
"Delete Store","Hapus Toko"
"Delete Store View","Hapus Peninjau Toko"
"Delete Template","Hapus Template"
"Delete User","Hapus Pengguna"
"Delete Website","Hapus Website"
"Description","Description"
"Design","Design"
"Design Section","Bagian Design"
"Details","Details"
"Developer Section","Bagian Pengembangan"
"Direction:","Arahan:"
"Disable","Dimatikan"
"Disabled","Dimatikan"
"Display %s first","Tampilan %s pertama"
"Display default currency","Tampilkan standar mata uang"
"Distributed under GNU LGPL. See %s for details.","Diedarkan di bawah GNU LGPL. Lihat %s untuk detail."
"Do you really want to KILL parallel process and start new indexing process?","Apa anda yakin ingin menghentikan parallel process dan memulai proses pengindeksan baru?"
"Do you really want to proceed?","Apa anda yakin ingin melanjutkan?"
"Download","Unduh"
"Downloads","Unduh"
"Drag to move","Geser untuk menggerakan"
"Drop-down","Drop-down"
"Edit","Edit"
"Edit Design Change","Edit Perubahan Design"
"Edit Email Template","Edit Email Template"
"Edit Order","Edit Pesanan"
"Edit Poll","Edit Poll"
"Edit Queue","Edit Queue"
"Edit Review","Edit Ulasan"
"Edit Role","Edit Role"
"Edit Store View","Edit Tampilan Store"
"Edit System Template","Edit Sistem Template"
"Edit Template","Edit Template"
"Edit URL Rewrite","Edit URL Rewrite"
"Edit User","Edit Pengguna"
"Edit User '%s'","Edit Pengguna '%s'"
"Edit Website","Edit Website"
"Email","Email"
"Email Address:","Alamat Email:"
"Email Preview","Pratinjau Email"
"Email to a Friend","Email kepada Teman"
"Email:","Email:"
"Enable","aktifkan"
"Enabled","diaktifkan"
"Enclose Values In:","Melampirkan Nilai Pada:"
"Entity Attributes","Entitas Atribut"
"Entity Type","Tipe Entitas"
"Entity type:","Tipe Entitas:"
"Error","Kesalahan"
"Excel XML","Excel XML"
"Excl. Tax","Excl. Tax"
"Exclude media folder from backup","Meniadakan media folder dari backup"
"Export","Export"
"Export CSV","Export CSV"
"Export Filters","Export Filters"
"Export to:","Export ke:"
"Export:","Export:"
"FTP Host","FTP Host"
"FTP Host[:Port]","FTP Host[:Port]"
"FTP Login","FTP Login"
"FTP Password","FTP Password"
"FTP credentials","FTP credentials"
"Failed","Gagal"
"Failed to add a product to cart by id ""%s"".","Gagal menambahkan produk ke kantung belanja oleh id ""%s""."
"Failed to cancel the billing agreement.","Gagal membatalkan persetujuan billing."
"Failed to clear the JavaScript/CSS cache.","Gagal membersihkan cache pada JavaScript/CSS."
"Failed to delete the billing agreement.","Gagal memnghapus persetujuan billing."
"Failed to update the profile.","Gagal memperbarui profile."
"Field","Field"
"Field Mapping","Field Mapping"
"File","File"
"File Information","Informasi File"
"File System","Sistem File"
"File mode","File mode"
"File name:","Nama File:"
"File size should be more than 0 bytes","Besar file diharuskan lebih dari 0 bytes"
"Finished profile execution.","Eksekusi profile Selesai."
"First Invoice Created Date","Tanggal Pembuatan tagihan Pertama"
"First Name","Awalan Nama"
"First Name is required field.","Awalan Nama adalah field wajib."
"First Name:","Awalan Nama:"
"Fixed","Fixed"
"Flush Catalog Images Cache","Flush Catalog Images Cache"
"Flush JavaScript/CSS Cache","Flush JavaScript/CSS Cache"
"For category","Untuk kategori"
"For latest version visit: %s","Untuk versi terkini kunjungi: %s"
"For product","Untuk Produk"
"Forgot Admin Password","Lupa Password Admin"
"Forgot your password?","Lupa password anda?"
"Forgot your user name or password?","Lupa nama pelanggan atau password?"
"From","From"
"GLOBAL","GLOBAL"
"Gb","Gb"
"General Information","Informasi Umum"
"General Section","Bagian Umum"
"Get Image Base64","Dapatkan Gambar Base64"
"Get help for this page","Dapatkan pertolongan untuk halaman ini"
"Give the verifier code to application administrator","Berikan kode verifier kepada pengelola aplikasi"
"Global Attribute","Atribut Global"
"Global Record Search","Pencarian arsip Global"
"Global Search","Pencarian Global"
"Go Today","Go Today"
"Go to messages inbox","Pergi ke pesan masuk"
"Go to notifications","Pergi ke notifikasi"
"Google Base","Google Base"
"Google Sitemaps","Google Sitemaps"
"Grand Total","Besar Total"
"Grid (default) / List","Grid (standar) / daftar"
"Grid Only","Hanya Grid"
"Group:","Grup:"
"Guest","Tamu"
"HTTP (unsecure)","HTTP (tidak aman)"
"HTTPS (SSL)","HTTPS (SSL)"
"Help Us Keep Magento Healthy - Report All Bugs","Bantu Kami Menjaga Magento Tetap Sehat - Laporkan Semua Bugs"
"Helper attributes should not be used in custom layout updates.","Atribut penolong tidak seharusnya digunakan pada pembaruan tata letak Custom."
"Helper for options rendering doesn't implement required interface.","Penolong untuk opsi rendering tidak mengimplementasi interface wajib."
"Home","Menu Utama"
"ID","ID"
"ID Path","ID Path"
"IP Address","Alamat IP"
"IPN (Instant Payment Notification) Only","Hanya IPN (Instant Payment Notification)"
"Id","Id"
"If there is an account associated with %s you will receive an email with a link to reset your password.","Jika ada akun terhubung dengan %s anda akan menerima email dengan sebuah tautan untuk reset kata sandi milik anda."
"If this message persists, please contact the store owner.","Jika pesan ini terus berlanjut, dimohon untuk menghubungi pemilik toko."
"If you do not specify an option value for a specific store view then the default (Admin) value will be used.","Jika anda tidak menetapkan nilai opsi untuk tampilan spesifik toko maka nilai opsi standar (Admin) akan digunakan."
"Images (.gif, .jpg, .png)","Gambar (.gif, .jpg, .png)"
"Images Cache","Cache Gambar"
"Import","Import"
"Import Service","Service Import"
"Import and Export","Import and Export"
"Import and Export Tax Rates","Nilai rata-rata Pajak Import and Export"
"Import/Export","Import/Export"
"Import/Export Advanced","Import/Export Lanjutan"
"Import/Export Profile","Import/Export Profile"
"Important: ","Penting: "
"Imported <strong>%s</strong> records","Ter import <strong>%s</strong> arsip"
"In","Dalam"
"In Database:","Dalam Database:"
"In File:","Dalam File:"
"Inactive","Tidak aktif"
"Incl. Tax","Pajak Termasuk"
"Incoming Message","Pesan Masuk"
"Insert Variable...","Masukan Variable..."
"Interactive","Interaktif"
"Interface Locale: %s","Interface Locale: %s"
"Invalid Form Key. Please refresh the page.","Form Key Tidak sah. mohon segarkan halaman."
"Invalid Import Service Specified","Spesifik Service Import Tidak sah"
"Invalid POST data (please check post_max_size and upload_max_filesize settings in your php.ini file).","POST data tidak sah (Mohon periksa pengaturan post_max_size dan upload_max_filesize di dalam file php.ini milik anda)."
"Invalid Secret Key. Please refresh the page.","Key Rahasia Tidak sah. Mohon segarkan halaman."
"Invalid User Name or Password.","Nama Pengguna atau Kata sandi tidak sah."
"Invalid directory: %s","Directory tidak sah: %s"
"Invalid email address ""%s"".","Alamat email tidak sah ""%s""."
"Invalid email address.","Alamat email tidak sah."
"Invalid file: %s","File tidak sah: %s"
"Invalid input data for %s => %s rate","Input data untuk %s => %s rate tidak sah"
"Invalid parent block for this block","Parent block Untuk block ini tidak sah"
"Invalid parent block for this block.","Parent block Untuk block ini tidak sah."
"Invalid password reset token.","Token Reset password tidak sah."
"Invalid sender name ""%s"". Please use only visible characters and spaces.","Nama pengirim tidak sah ""%s"". Mohon hanya gunakan spasi dan karakter yang nyata."
"Invalid timezone","Zona waktu tidak sah"
"Invalidated","Tidak lagi berlaku"
"Inventory Stock Status","Inventaris status Stok"
"Invoice #%s comment added","Tagihan #%s komentar telah ditambahkan"
"Invoice #%s created","Tagihan #%s telah dibuat"
"Invoice History","Riwayat Tagihan"
"Invoice Totals","Total Tagihan"
"Invoice canceling error.","Kesalahan pada pembatalan tagihan."
"Invoice capturing error.","Terjadi kesalahan saat penangkapan tagihan."
"Invoice voiding error.","terjadi kesalahan saat Membatalkan tagihan."
"Invoices","Tagihan"
"Is Closed","telah ditutup"
"Is Default","dikembalikan ke kondisi awal / standar"
"Issue Number","Nomer Issue"
"Items","Items"
"JavaScript seems to be disabled in your browser.","JavaScript nampaknya telah dimatikan pada browser anda."
"JavaScript/CSS","JavaScript/CSS"
"JavaScript/CSS Cache","JavaScript/CSS Cache"
"Kb","Kb"
"Last 24 Hours","24 Jam Terakhir"
"Last 5 Orders","5 Orderan Terakhir"
"Last 5 Search Terms","5 Istilah Pencarian Terakhir"
"Last 7 Days","7 Hari terakhir"
"Last Credit Memo Created Date","Tangggal Terakhir Dibuatnya Credit Memo"
"Last Invoice Created Date","Tanggal Terakhir Dibuatnya Tagihan"
"Last Logged In (%s):","Terakhir Masuk (%s):"
"Last Logged In:","Terakhir Masuk:"
"Last Name","Nama Belakang"
"Last Name is required field.","Nama Belakang adalah dield yang wajib."
"Last Name:","Nama Belakang:"
"Last updated: %s. To refresh last day\'s <a href=""%s"">statistics</a>, click <a href=""%s"">here</a>.","Terakhir diperbarui: %s. untuk segarkan hari terakhir\'s <a href=""%s"">statistik</a>, Klik <a href=""%s"">here</a>."
"Latest Message:","Pesan Terbaru:"
"Layered Navigation Indices","Indeks Navigasi Berlapis"
"Layered Navigation Indices were refreshed.","Indeks Navigasi Berlapis telah disegarkan."
"Leave empty to use tax identifier","Biarkan kosong untuk menggunakan pengenal pajak "
"Lifetime Sales","Penjualan Seumur hidup"
"Lifetime statistics have been updated.","Statistik Seumur hidup telah di perbarui."
"Links","Links"
"Links with associated products will retain only after saving current product.","Link dengan produk terkait akan disimpan hanya setelah menyimpan produk saat ini."
"List (default) / Grid","Daftar (standar) / Grid"
"List Only","Hanya Daftar"
"Load Template","Muat Template"
"Load default template","Muat template standar"
"Loading...","Sedang memuat..."
"Local Server","Server Lokal"
"Local/Remote Server","Server Lokal/Jauh"
"Locale","Locale"
"Log In","Masuk"
"Log Out","Keluar"
"Log in to Admin Panel","Masuk ke dalam Panel Admin"
"Log in to use <strong>%s</strong>","Masuk untuk menggunakan <strong>%s</strong>"
"Log into Magento Admin Page","Masuk ke Halaman Admin Magento"
"Logged in as %s","Masuk sebagai %s"
"Login","Masuk"
"Low Stock","Stok Rendah"
"MAJOR","BESAR"
"MINOR","KECIL"
"MS Excel XML","MS Excel XML"
"Magento Admin","Admin Magento"
"Magento Commerce - Administrative Panel","Perniagaan Magento - Panel Administrasi"
"Magento Connect","Magento Connect"
"Magento Connect Manager","Manager Magento Connect"
"Magento Logo","Logo Magento"
"Magento is a trademark of Magento Inc. Copyright &copy; %s Magento Inc.","Magento adalah Merk khas dari Magento Inc. Hakcipta dan salin; %s Magento Inc."
"Magento root directory","Sumber Direktori Magento"
"Magento ver. %s","Magento versi %s"
"Magento&trade; is a trademark of Magento Inc.<br/>Copyright &copy; %s Magento Inc.","Magento&trade; adalah Merk khas dari Magento Inc.<br/>Hakcipta dan salin; %s Magento Inc."
"Make sure that data encoding in the file is consistent and saved in one of supported encodings (UTF-8 or ANSI).","Pastikan bahwa data encoding dalam file konsisten dan disimpan dalam salah satu encoding yang didukung (UTF-8 or ANSI)."
"Manage Attribute Sets","Kelola Set Atribut"
"Manage Attributes","Kelola Atribut"
"Manage Categories","Kelola Kategori"
"Manage Content","Kelola Konten"
"Manage Currency Rates","Kalola Rata-rata Uang"
"Manage Customers","Kelola Pelanggan"
"Manage Options (values of your attribute)","Kelola Opsi (nilai dari atribut anda)"
"Manage Ratings","Kalola Rating"
"Manage Stores","Kelola Toko"
"Manage Tax Rules","Kelola Aturan Pajak"
"Manage Tax Zones and Rates","Kelola Zona dan Tarif Pajak"
"Manage Titles (Size, Color, etc.)","Kelola Judul (Ukuran, Warna, dsb.)"
"Manual","Manual"
"Matched Expression","Pernyataan Sesuai"
"Maximum sender name length is 255. Please correct your settings.","Panjang maksimum nama pengirim adalah 255. Mohon perbaiki pengaturan anda."
"Mb","Mb"
"Media (.avi, .flv, .swf)","Media (.avi, .flv, .swf)"
"Media storages synchronization has completed!","Sinkronisasi penyimpanan media telah selesai!"
"Messages Inbox","Kotak masuk Pesan"
"Month","Bulan"
"Most Viewed","Paling Dilihat"
"Most Viewed Products","Produk yang Paling Dilihat"
"Multiple Select","Pilihan Banyak"
"My Account","Akun Saya"
"My Applications","Aplikasi Saya"
"N/A","N/A"
"NOTICE","PEMBERITAHUAN"
"Name","Nama"
"Name:","Nama:"
"Never (production)","Never (production)"
"New ","Baru "
"New API Key","API Key Baru"
"New Accounts","Akun Baru"
"New Attribute","Atribut Baru"
"New Block","Block Baru"
"New Category","Kategori Baru"
"New Class","Kelas Baru"
"New Condition","Kondisi Baru"
"New Custom Variable","Variabel Custom Baru"
"New Customer","Pelanggan Baru"
"New Customers","Pelanggan Baru"
"New Design Change","Perubahan Design Baru"
"New Email Template","Template Email Baru"
"New Group","Grup Baru"
"New Invoice","Tagihan Baru"
"New Item Type","Tipe Item Baru"
"New Memo","Memo Baru"
"New Memo for #%s","Memo Baru untuk #%s"
"New Page","Halaman Baru"
"New Password","Kata sandi Baru"
"New Poll","Poll Baru"
"New Profile","Profile Baru"
"New Rate","Nilai Baru"
"New Rating","Rating Baru"
"New Review","Tinjauan Baru"
"New Role","Role Baru"
"New Rule","Aturan Baru"
"New Search","Pencarian Baru"
"New Set","Set Baru"
"New Shipment","Pengiriman Baru"
"New Sitemap","Sitemap Baru"
"New Store View","Tampilan Toko Baru"
"New System Template","Template Sistem Baru"
"New Tag","Tag Baru"
"New Template","Templat Baru"
"New User","Pengguna Baru"
"New Variable","Variable Baru"
"New Website","Website Baru"
"New password field cannot be empty.","Field Katan sandi Baru tidak boleh kosong."
"Newsletter","Buletin"
"Newsletter Problems","Buletin Masalah"
"Newsletter Queue","Buletin Queue"
"Newsletter Subscribers","Buletin Langgan"
"Newsletter Templates","Buletin Template"
"Next month (hold for menu)","Bulan depan (tahan untuk menu)"
"Next year (hold for menu)","Tahun depan (tahan untuk menu)"
"No","Tidak"
"No (price without tax)","Tidak (harga tanpa pajak)"
"No Data Found","Tidak ada data ditemukan"
"No Templates Found","Tidak ada template ditemukan"
"No change","Tidak ada perubahan"
"No customer id defined.","Tidak menetapkan id pelanggan."
"No information available.","Tidak ada informasi tersedia."
"No profile loaded...","Tidak ada profile dimuat..."
"No records found for this period.","Tidak ada arsip ditemukan untuk periode ini."
"No records found.","Tidak ada arsip ditemukan."
"No report code specified.","Tidak ada laporan kode ditemukan."
"No search keywords.","Tidak ada katakunci pencarian."
"No search modules were registered","Tidak ada modul pencarian yang terdaftar"
"No wishlist item id defined.","Tidak menetapkan wishlist id item ."
"None","Tidak ada"
"Note:","Pesan:"
"Notes","Pesan"
"Notifications","Pemberitahuan"
"Number of Orders","Jumlah Pesanan"
"Number of Uses","Jumlah Penggunaan"
"Number of Views","Jumblah Tinjauan"
"Number of records:","Jumlah arsip:"
"OAuth Consumers","Konsumen OAuth"
"OAuth authorization for admin","OAuth otorisasi untuk admin"
"OAuth authorization simple for admin","OAuth otorisasi sederhana untuk admin"
"OK","OK"
"Old rate:","Nilai lampau:"
"Once you log into your PayPal Advanced account, navigate to the Service Settings - Hosted Checkout Pages - Set Up menu and set the options described below","Sekali anda masuk kedalam akun PayPal Advanced, arahkan ke Pengaturan Service - Halaman Hosted Checkout - Set Up menu dan setel opsi seperti yang dideskripsikan di bawah"
"Once you log into your PayPal Payflow Link account, navigate to the Service Settings - Hosted Checkout Pages - Set Up menu and set the options described below","Sekali anda masuk kedalam link akun PayPal Payflow, arahkan ke Pengaturan Service - Halaman Hosted Checkout - Set Up menu dan setel opsi seperti yang dideskripsikan di bawah"
"One or more media files failed to be synchronized during the media storages syncronization process. Refer to the log file for details.","Satu atau lebih file media gagal di sinkronisasi sementara proses sinkronisasi media penyimpanan. Lihat log file untuk detail."
"One or more of the Cache Types are invalidated:","Satu atau lebih Tipe Cache tidak berlaku:"
"Online Customers","Pelanggan Online"
"Only Once (version upgrade)","Hanya Sekali (version upgrade)"
"Only attributes with scope ""Global"", input type ""Dropdown"" and Use To Create Configurable Product ""Yes"" are available.","Hanya atribut dengan lingkup ""Global"", tipe masukan ""Dropdown"" dan Digunakan untuk pembuatan Konfigurasi produk ""Yes"" tersedia."
"Only mapped fields","Hanya mapped fields"
"Optional","Pilihan"
"Options","Opsi"
"Options is required","Opsi dibutuhkan"
"Order","Pesanan"
"Order #%s","Pesanan #%s"
"Order #%s (%s)","Pesanan #%s (%s)"
"Order Created Date","Tanggal Pesanan Dibuat"
"Order ID","ID Pesanan"
"Order Totals","Total Pesanan"
"Order Updated Date","Tanggal Pesanan Diperbarui"
"Order Updated Date report is real-time, does not need statistics refreshing.","Laporan Tanggal Pembaruan Pesanan berdasar waktu sebenarnya, tidak dibutuhkan penyegaran statistik."
"Orders","Pesanan"
"Original Magento attribute names in first row:","Atribut nama Original Magento di baris pertama:"
"Out of stock","Persediaan Habis"
"PDT (Payment Data Transfer) Only","Hanya PDT (Payment Data Transfer)"
"Package Extensions","Ekstensi Paket"
"Pages","Halaman"
"Parent Product Thumbnail","Parent Thumbnail Produk "
"Parent Transaction ID","Parent ID Transaksi"
"Passive mode","Mode pasif"
"Password","Kata sandi"
"Password Confirmation","Konfirmasi Kata sandi"
"Password confirmation must be same as password.","Konfirmasi kata sandi harus sama dengan kata sandi."
"Password must be at least of %d characters.","Kata sandi setidaknya harus %d huruf."
"Password must include both numeric and alphabetic characters.","Kata sandi harus menyertakan kedua Nomer dan alphabet karakter."
"Password:","Kata sandi:"
"Path:","Path:"
"Payment method instance is not available.","Contoh metode pembayaran tidak tersedia."
"Payment method is not available.","Metode pembayaran tidak tersedia."
"Payment method must be specified.","Metode pembayaran harus spesifik."
"Pending Reviews","Tinjauan Tertunda"
"Pending Tags","Tag Tertunda"
"Per Item","Per Item"
"Per Order","Per Pesanan"
"Percent","Persentase"
"Performed At","Dilakukan Pada"
"Period","Periode"
"Permanent (301)","Permanen (301)"
"Permissions","Perizinan"
"Personal Information","Informasi Pribadi"
"Phone:","Phone:"
"Please Select","Silahkan Pilih"
"Please confirm site switching. All data that hasn\'t been saved will be lost.","Mohon konfirmasi pergantian situs. Semua data yang tidak tersimpan akan hilang."
"Please enter 6 or more characters.","Silahkan masukan 6 atau lebih karakter."
"Please enter a number greater than 0 in this field.","Silahkan masukan nomer diatas 0 dalam field ini."
"Please enter a valid $ amount. For example $100.00.","Silahkan masukan jumlah $ yang benar. Contoh $100.00."
"Please enter a valid URL. For example http://www.example.com or www.example.com","Silahkan masukan URL yang benar. Sebagai contoh http://www.example.com atau www.example.com"
"Please enter a valid URL. http:// is required","Silahkan masukan URL yang benar. http:// dibutuhkan"
"Please enter a valid credit card number.","Silahkan masukan nomer kartu Credit yang benar."
"Please enter a valid date.","Silahkan masukan Tanggal yang benar."
"Please enter a valid email address. For example johndoe@domain.com.","Silahkan masukan alamat email yang benar. Contoh johndoe@domain.com."
"Please enter a valid email.","Silahkan masukan email yang benar."
"Please enter a valid number in this field.","Silahkan masukan nomer yang benar di field ini."
"Please enter a valid phone number. For example (123) 456-7890 or 123-456-7890.","Silahkan masukan nomer telepon yang benar. Contoh (123) 456-7890 or 123-456-7890."
"Please enter a valid social security number. For example 123-45-6789.","Silahkan masukan nomer KTP yang benar. Contoh 123-45-6789."
"Please enter a valid value from list","Silahkan masukan nilai yang benar dari daftar"
"Please enter a valid value, ex: 10,20,30","Silahkan masukan nilai yang benar, contoh: 10,20,30"
"Please enter a valid zip code.","Silahkan masukan kode pos yang benar."
"Please enter a valid zip code. For example 90602 or 90602-1234.","Silahkan masukan kode pos yang benar. sebagai contoh 90602 atau 90602-1234."
"Please enter another credit card number to complete your purchase.","Silahkan masukan nomer kredit card lain untuk menyelesaikan pembelian."
"Please enter password","Silahkan masukan kata sandi"
"Please enter password to confirm rollback.","Silahkan masukan kata sandi untuk konfirmasi rollback."
"Please enter valid password.","Silahkan masukan kata sandi yang benar."
"Please make sure that all global admin search modules are installed and activated.","Mohon pastikan semua admin global modul pencarian sudah di instal dan di aktifasi."
"Please make sure that your changes were saved before running the profile.","Patikan bahwa perubahan yang dilakukan sudah tersimpan sebelum beralih ke profile."
"Please make sure your passwords match.","Pastikan bahwa kata sandi anda cocok."
"Please select State/Province.","Silahkan pilih Negara/Profinsi."
"Please select a customer.","Silahkan pilih pelanggan."
"Please select a store.","Silahkan pilih toko."
"Please select an option.","Silahkan pilih opsi."
"Please select catalog searches.","Silahkan pilin pencarian katalog."
"Please select customer(s).","Silahkan pilih pelanggan(s)."
"Please select message(s).","Silahkan pilih pesan(s)."
"Please select one of the above options.","Silahkan pilih salah satu opsi diatas."
"Please select one of the options.","Silahkan pilih salah satu opsi."
"Please select review(s).","Silahkan pilin ulasan(s)."
"Please select tag(s).","Silahkan pilih tag(s)."
"Please specify backup creation options","Mohon tentukan opsi pembuatan backup"
"Please specify the admin custom URL.","Mohon tentukan admin custom URL."
"Please try to logout and sign in again.","Mohon dicoba untuk keluar dan kemudian masuk lagi."
"Please type the letters from the image:","Silahkan ketik huruf dari gambar:"
"Please use in this field only ""a-z,0-9,_"".","Mohon hanya gunakan di field ini ""a-z,0-9,_""."
"Please use letters only (a-z) in this field.","Mohon hanya gunakan huruf (a-z) di dalam field ini."
"Please use numbers only in this field. Please avoid spaces or other characters such as dots or commas.","Mohon hanya gunakan nomer dalam field ini. Hindari penggunaan spasi atau karakter lain seperti titik atau koma."
"Please use only letters (a-z or A-Z), numbers (0-9) or spaces in this field.","Mohon hanya gunakan huruf (a-z or A-Z), nomer (0-9) atau spasi di field ini."
"Please use only letters (a-z) or numbers (0-9) only in this field. No spaces or other characters are allowed.","Mohon hanya gunakan huruf (a-z) atau nomer (0-9) di field ini. Tidak ada spasi atau karakter lain di bolehkan."
"Please use only letters (a-z) or numbers (0-9) or spaces and # only in this field.","Mohon hanya gunakan huruf (a-z) atau nomer (0-9) atau spasi dan # di field ini."
"Please use this date format: dd/mm/yyyy. For example 17/03/2006 for the 17th of March, 2006.","Mohon gunakan format tanggal ini: hh/bb/tttt. sebagai contoh 17/03/2006 untuk 17 maret, 2006."
"Please wait while the indexes are being refreshed.","Mohon tunggu sementara indeks disegarkan."
"Please wait, loading...","Mohon tunggu, sedang memuat..."
"Please wait...","Mohon tunggu..."
"Please, add some answers to this poll first.","Mohon, tambahkan sebuah jawaban untuk poll dulu."
"Please, select ""Visible in Stores"" for this poll first.","Mohon, pilih ""Visible in Stores"" untuk poll ini dulu."
"Poll Manager","Poll Manager"
"Polls","Polls"
"Popular","Popular"
"Position","Posisi"
"Position of Watermark for %s","Posisi dari Watermark untuk %s"
"Pregenerated product images files.","File gambar dari produk yang akan di produksi."
"Prev. month (hold for menu)","Bulan sebelumnya (tahan untuk menu)"
"Prev. year (hold for menu)","Tahun sebelumnya (tahan untuk menu)"
"Preview","Tinjauan"
"Preview Template","Tinjauan Template"
"Price","Harga"
"Price alert subscription was saved.","Langganan peringatan harga telah tersimpan."
"Price:","Harga:"
"Processed <strong>%s%% %s/%d</strong> records","Terproses <strong>%s%% %s/%d</strong> arsip"
"Product","Produk"
"Product Name","Nama Produk"
"Product Reviews","Tinjauan Produk"
"Product Tax Classes","Kelasan Produk Pajak"
"Product Thumbnail Itself","Produk Thumbnail Sendiri"
"Product is not loaded.","Produk tidak termuat."
"Product:","Produk:"
"Products","Produk"
"Products Bestsellers Report","Laporan Produk Penjualan terbaik "
"Products Most Viewed Report","Laporan Paling Produk Di lihat"
"Products Ordered","Produk yang Dipesan "
"Products in Carts","Produk dalam Kantung Belanja"
"Profile Action","Langkah Profil"
"Profile Actions XML","Langkah Profile XML"
"Profile Direction","Arahan Profil"
"Profile History","Riwayat Profil"
"Profile Information","Informasi Profile"
"Profile Name","Nama Profil"
"Profile Payments","Pembayaran Profile"
"Profile Schedule","Jadwal Profile"
"Profile Wizard","Wizard Profile"
"Profiles","Profiles"
"Promo","Promo"
"Promotions","Promosi"
"Purchased Item","Item yang di belanjakan"
"Put store on the maintenance mode while backup creation","Tempatkan toko dalam keadaan maintenance selagi pembuatan backup"
"Put store on the maintenance mode while rollback processing","Tempatkan toko dalam keadaan maintenance selagi proses rollback"
"Quantity","Kuantitas"
"Queue Refresh","Segarkan Queue"
"Queued... Cancel","Pembatalan... ter-Queue"
"REST Roles","JEDA Role"
"Radio Buttons","Tombol Radio"
"Rates","Penilaian"
"Read details","Baca detail"
"Rebuild","Rebuild"
"Rebuild Catalog Index","Rebuild Indeks Catalog"
"Rebuild Flat Catalog Category","Rebuild Kategori Flat Catalog"
"Rebuild Flat Catalog Product","Rebuild Produk Flat Catalog"
"Recent Orders","Pesanan Baru-baru ini"
"Recent statistics have been updated.","Statistik baru-baru ini telat diperbarui."
"Recurring Profile View","Tampilan Profile Sekarang"
"Recursive Dir","Recursive Dir"
"Redirect","Mengalihkan"
"Reference","Acuan"
"Reference ID","Acuan ID"
"Refresh","Segarkan"
"Refresh Now*","Segarkan Sekarang*"
"Refresh Statistics","Segarkan Statistics"
"Region/State","Wilayah/Negara"
"Regular Price:","Harga Biasa:"
"Reject","Menolak"
"Reject token authorization Pop Up for admin","Menolak otorisasi Pop up token untuk admin"
"Reject token authorization for admin","Menolak otorisasi token untuk admin"
"Rejection Of Authorization","Penolakan Otorisasi"
"Release","Melepas"
"Release Stability","Melepas Kestabilan"
"Release Version","Melepas Versi"
"Reload captcha","Memuat Ulang captcha"
"Remote FTP","Remote FTP"
"Remove","Menghapus"
"Reports","Laporan"
"Request Path","Permintaan Path"
"Required","Dibutuhkan"
"Reset","Reset"
"Reset Filter","Reset Filter"
"Reset Password","Reset Kata sandi"
"Reset a Password","Reset sebuah Kata sandi"
"Resize","Ubah Ukuran"
"Resource Access","Akses Sumber"
"Resources","Sumberdaya"
"Results","Hasil"
"Retrieve Password","Mendapatkan kembali Kata sandi"
"Return Html Version","Mengembalikan Versi Html"
"Revenue","Pendapatan"
"Reviews","Ulasan"
"Reviews and Ratings","Ulasan dan Penilaian"
"Rewrite Rules","Aturan Rewrite"
"Role ID","ID Role"
"Role Info","Info Role"
"Role Information","Role Informasi"
"Role Name","Nama Role"
"Role Resources","Sumber Role"
"Role Users","Role Pengguna"
"Roles","Roles"
"Roles Resources","Sumber Role"
"Root Category","Kategori Sumber"
"Rotate CCW","Putar CCW"
"Rotate CW","Putar CW"
"Run","Jalankan"
"Run Profile","Jalankan Profile"
"Run Profile Inside This Window","Jalankan Profile Di dalam Jendela Ini "
"Run Profile in Popup","Jalankan Profile Di dalam Popup"
"Running... Kill","Jalankan... Hentikan"
"SKU","SKU"
"SKU:","SKU:"
"SSL Error: Invalid or self-signed certificate","Kesalahan pada SSL: sertifikasi tidak valid atau sah "
"Sales","Penjualan"
"Sales Report","Laporan Penjualan"
"Samples","Samples"
"Save","Simpan"
"Save & Generate","Simpan dan Hasilkan"
"Save Account","Simpan Akun"
"Save Cache Settings","Simpan Pengaturan Cache"
"Save Config","Simpan Konfigurasi"
"Save Currency Rates","Simpan Rata-rata uang"
"Save Profile","Simpan Profile"
"Save Role","Simpan Role"
"Save Template","Simpan Template"
"Save User","Simpan Pengguna"
"Save and Continue Edit","Simpan dan Lanjutkan Edit"
"Search","Pencarian"
"Search Index","Indeks Pencarian"
"Search Term","Istilah Pencarian"
"Search Terms","Istilah Pencarian"
"Select","Pilih"
"Select All","Pilih Semua"
"Select Category","Pilih Kategori"
"Select Date","Pilih Tanggal"
"Select Range","Pilih Jarak"
"Select date","Pilih tanggal"
"Selected allowed currency ""%s"" is not available in installed currencies.","Mata uang terpilih yang diizinkan ""%s"" tidak tersedia pada mata uang yang terinstal."
"Selected base currency is not available in installed currencies.","Mata uang dasar yang terpilih tidak tersedia dalam mata uang yang sudah terinstal."
"Selected default display currency is not available in allowed currencies.","Tampilan standar mata uang yang terpilih tidak tersedia dalam mata uang yang diizinkan."
"Selected default display currency is not available in installed currencies.","Tampilan standar mata uang yang terpilih tidak tersedia dalam mata uang yang sudah terinstal."
"Self-assigned roles cannot be deleted.","Self-assigned roles tidak bisa terhapus."
"Sender","Pengirim"
"Separate Email","Email Terpisah"
"Shipment #%s comment added","Pengiriman #%s komen ditambahkan"
"Shipment #%s created","Pengiriman #%s telah dibuat"
"Shipment Comments","Komentar Pengiriman"
"Shipment History","Riwayat Pengiriman"
"Shipments","Pengiriman"
"Shipping","Pengiriman"
"Shipping Address","Alamat Pengiriman"
"Shipping Address: ","Alamat Pengiriman: "
"Shipping Origin","Pengiriman Asal"
"Shipping Price","Harga Pengiriman"
"Shipping address selection is not applicable","Pemilihan alamat pengiriman tidak dapat dilakukan"
"Shipping method must be specified.","Metode pengiriman harus spesifik."
"Shipping method selection is not applicable","Pemilihan metode pengiriman tidak dapat dilakukan"
"Shopping Cart","Kantung Belanja"
"Shopping Cart Price Rules","Aturan Harga Kantung Belanja"
"Shopping Cart from %s","Kantung Belanja dari %s"
"Show By","Tampilkan Oleh"
"Show Report For:","Tampilkan Laporan Untuk:"
"Show Reviews","Tampilkan Ulasan"
"Sitemap Information","Informasi Sitemap"
"Size for %s","Ukuran untuk %s"
"Skip Category Selection","Lewati Seleksi Kategori"
"Some items in this order have different invoice and shipment types. You can create shipment only after the invoice is created.","Beberapa item dalam pesanan ini memiliki tagihan dan tipe pengiriman yang berbeda. Anda hanya bisa membuat pesanan setelah tagihan dibuat."
"Some of the ordered items do not exist in the catalog anymore and will be removed if you try to edit the order.","Beberapa item pesanan tidak lagi tersedia didalam katalog dan akan terhapus jika anda mencoba untuk meng-edit pesanan."
"Sorry, this feature is coming soon...","Maaf, fitur ini akan segela hadir..."
"Special Price:","Harga Spesial:"
"Specific Countries","Negara Stertentu"
"Specified","Di tentukan"
"Specified profile does not exist.","Profile yang ditentukan tidak terdata."
"Spreadsheet Name:","Nama Spreadsheet:"
"Start Date","Tanggal Mulai"
"Starting profile execution, please wait...","Memulai eksekusi profile, mohon tunggu..."
"State/Province:","Wilayah/Profinsi:"
"Static Blocks","Blocks Statis"
"Status","Status"
"Status:","Status:"
"Stock Quantity:","Kuantitas Stok:"
"Stock notification was saved.","Pemberitahuan stok sudah tersimpan."
"Store","Toko"
"Store Email Addresses Section","Bagian Alamat Email Toko"
"Store View","Tampilan Toko"
"Store:","Toko:"
"Stores","Toko"
"Subject","Subyek"
"Submit","Serahkan"
"Subpackage cannot be conflicting.","Subpackage tidak dapat bertentangan."
"Subtotal","Subtotal"
"Switch/Solo/Maestro Only","Hanya Switch/Solo/Maestro"
"Symbol","Simbol"
"Synchronization is required.","Sinkronisasi dibutuhkan."
"Synchronization of media storages has been successfully completed.","Sinkronisasi penyimpanan media telah berhasil diselesaikan."
"Synchronize","Sinkronisasi"
"Synchronizing %s to %s","Menyinkronisasi %s ke %s"
"Synchronizing...","Menyinkronisasi..."
"System","Sistem"
"System Section","Bagian Sistem"
"System busy","Sistem sibuk"
"Tags","Tag"
"Target Path","Target Path"
"Tax","Pajak"
"Tb","Tb"
"Template","Template"
"Template Content","Konten Template"
"Template Information","Informasi Template"
"Template Name","Nama Template"
"Template Styles","Ragam Template"
"Template Subject","Subjek Template"
"Template Type","Tipe Template"
"Temporary (302)","Sementara (302)"
"Terms and Conditions","Syarat dan Ketentuan"
"Text","Teks"
"The Catalog Rewrites were refreshed.","Katalog Rewrites telah disegarkan."
"The CatalogInventory Stock Status has been rebuilt.","Status Inventori Stock Katalog telah dibangun kembali."
"The Comment Text field cannot be empty.","Field teks komentar tidak boleh kosong."
"The Flat Catalog Product was rebuilt","Produk Flat Katalog telah dibangun kembali"
"The JavaScript/CSS cache has been cleaned.","JavaScript/CSS cache telah dibersihkan."
"The JavaScript/CSS cache has been cleared.","JavaScript/CSS cache telah dikosongkan."
"The Layered Navigation indexing has been queued.","Pengindeksan Lapisan Navigasi telah ter-queue."
"The Layered Navigation indexing queue has been canceled.","Pengindeksan Lapisan Navigasi queue telah di batalkan."
"The Layered Navigation indices were refreshed.","Indeksan Lapisan Navigasi telah disegarkan."
"The Layered Navigation process has been queued to be killed.","Proses Lapisan Navigasi telah ter-queue untuk di hentikan."
"The Magento cache storage has been flushed.","Cache penyimpanan Magento telah di-flush."
"The URL Rewrite has been deleted.","URL Rewrite telah berhasil dihapus."
"The URL Rewrite has been saved.","URL Rewrite telah berhasil disimpan."
"The account has been saved.","Akun telah berhasil disimpan."
"The archive can be uncompressed with <a href=""%s"">%s</a> on Windows systems","Arsip bisa tidak terkompresi dengan <a href=""%s"">%s</a> pada sistem windows"
"The attribute set has been removed.","Set atribut telah berhasil dihilangkan."
"The backup's creation process will take time.","Proses pembuatan backup akan memakan waktu."
"The billing agreement has been canceled.","Persetujuan penagihan telah dibatalkan."
"The billing agreement has been deleted.","Persetujuan penagihan telah dihapuskan."
"The cache storage has been flushed.","Cache penyimpanan telah ter-flush."
"The carrier needs to be specified.","Kurir perlu ditentukan."
"The catalog index has been rebuilt.","Indeks katalog telah dibangun kembali."
"The catalog rewrites have been refreshed.","Rewrites katalog telah disegarkan."
"The configuration has been saved.","Konfigurasi telah disimpan."
"The credit memo has been canceled.","Memo kredit telah dibatalkan."
"The credit memo has been created.","Memo kredit telah dibuat."
"The credit memo has been voided.","Memo kredit telah dibatalkan."
"The custom variable has been deleted.","Variabel kustom telah berhasi dihapus."
"The custom variable has been saved.","Variabel kustom telah berhasi disimpan."
"The customer has been deleted.","Pelanggan telah berhasil dihapus."
"The customer has been saved.","Pelanggan telah berhasil disimpan."
"The design change has been deleted.","Perubahan design telah berhasil dihapus."
"The design change has been saved.","Perubahan design telah berhasil disimpan."
"The email address is empty.","Alamat email kosong."
"The email template has been deleted.","Template email telah berhasil dihapus."
"The email template has been saved.","Template email telah berhasil disimpan."
"The flat catalog category has been rebuilt.","Katalog kategori datar telah dibangun kembali."
"The group node name must be specified with field node name.","Nama node grup harus di tentukan dengan field nama node."
"The image cache was cleaned.","Cache gambar telah dibersihkan."
"The image cache was cleared.","Cache gambar telah dikosongkan."
"The invoice and shipment have been created.","Tagihan dan pesanan telah berhasil dibuat."
"The invoice and the shipment  have been created. The shipping label cannot be created at the moment.","Tagihan dan pesanan telah berhasil dibuat. Label pengiriman tidak dapat dibuat saat ini."
"The invoice has been canceled.","Tagihan telah berhasil dibatalkan."
"The invoice has been captured.","Tagihan telah berhasil di-capture."
"The invoice has been created.","Tagihan telah berhasil dibuat."
"The invoice has been voided.","Tagihan telah dibatalkan."
"The invoice no longer exists.","Tagihan tidak lagi ada."
"The item %s (SKU %s) does not exist in the catalog anymore.","Item pada %s (SKU %s) tidak lagi ada di dalam katalog."
"The order does not allow creating an invoice.","Pesanan tidak diizinkan membuat tagihan."
"The order no longer exists.","Pesanan tidak lagi ada."
"The poll has been deleted.","Poll telah berhasil di hapus."
"The poll has been saved.","Poll telah berhasil disimpan."
"The profile has been deleted.","Profile telah berhasil dihapus."
"The profile has been saved.","Profile telah berhasil disimpan."
"The profile has been updated.","Profil telah berhasil diperbarui."
"The profile has no changes.","Tidak ada perubahan di profile."
"The profile you are trying to save no longer exists","Profil yang anda coba simpan tidak lagi ada"
"The rating has been deleted.","Penilaian telah dihapus."
"The rating has been saved.","Penilaian telah disimpan."
"The role has been deleted.","Role telah dihapus."
"The role has been saved.","Role telah disimpan."
"The role has been successfully saved.","Role telah berhasil tersimpan."
"The search index has been rebuilt.","Indeks pencarian telah berhasil dibangun kembali."
"The shipment has been created.","Muatan telah berhasil dibuat."
"The shipment has been sent.","Muatan telah dikirim."
"The shipping label has been created.","Laber pengiriman telah berhasil dibuat."
"The tag has been deleted.","Tag telah berhasil dihapus."
"The tag has been saved.","Tag telah berhasil disimpan."
"The transaction details have been updated.","Detail transaksi telah diperbarui."
"The user has been deleted.","Pengguna telah dihapus."
"The user has been saved.","Pengguna telah disimpan."
"Themes JavaScript and CSS files combined to one file.","Tema file JavaScript dan CSS digabungkan di satu file."
"There is an error in one of the option rows.","Terdapat kesalahan pada salah satu deretan opsi."
"This Account is","Akun ini"
"This Email template no longer exists.","Template Email ini tidak lagi ditemukan."
"This Role no longer exists","Role ini tidak lagi ada"
"This Role no longer exists.","Role ini tidak lagi ada."
"This account is","Akun ini"
"This account is inactive.","Akun ini tidak aktif."
"This action cannot be undone.","Tindakan ini tidak dapat dilepas."
"This attribute set does not have attributes which we can use for configurable product","Kumpulan atribut ini tidak memiliki atribut yang bisa digunakan unutk konfigurasi produk"
"This attribute shares the same value in all the stores","Atribut ini membagi atribut yang bernilai sama didalam semua toko"
"This is a demo store. Any orders placed through this store will not be honored or fulfilled.","Toko ini hanya demo. Order manapun yang dilakukan di toko ini tidak akan dipenuhi atau ditindak lanjuti."
"This is a required field.","Ini adalah field wajib."
"This product is currently disabled.","Untuk saat ini Produk sedang dinonaktifkan."
"This report depends on timezone configuration. Once timezone is changed, the lifetime statistics need to be refreshed.","Laporan ini berdasar pada konfigurasi zona waktu. Ketika zona waktu diubah, statistic seumur hidup butuh disegarkan."
"This section is not allowed.","Bagian ini tidak diizinkan."
"This user no longer exists.","User ini tidak lagi ditemukan."
"Time","Waktu"
"Time selection:","Seleksi waktu:"
"Time:","Waktu:"
"Timeout limit for response from synchronize process was reached.","telah mencapai batas waktu respon dari proses sinkronisasi."
"To","Untuk"
"To cancel pending authorizations and release amounts that have already been processed during this payment, click Cancel.","Untuk membatalkan otorisasi yang tertunda dan melepas jumlah yang telah terproses selama pembayaran ini, klik batal."
"To use PayPal Payflow Link, you must configure your PayPal Payflow Link account on the PayPal website.","Untuk menggunakan Link PayPal Payflow, anda diharuskan mengkonfigurasi akun Link PayPal Payflow milik anda di website PayPal."
"To use PayPal Payments Advanced, you must configure  your PayPal Payments Advanced account on the PayPal website.","Untuk menggunakan PayPal Payments Advanced, anda diharuskan mengkonfigurasi akun PayPal Payments Advanced pada website PayPal."
"Toggle Editor","Toggle Pengedit"
"Tools","Sarana"
"Top 5 Search Terms","Top 5 Istilah Pencarian"
"Total","Total"
"Total Invoiced","Total Tagihan"
"Total Order Amount","Total Jumlah Pesanan"
"Total Refunded","Total Pengembalian"
"Total of %d record(s) have been deleted.","Total dari %d arsip(s) telah berhasil dihapus."
"Total of %d record(s) have been updated.","Total dari %d arsip(s) telah berhasil diperbarui."
"Total of %d record(s) were canceled.","Total dari %d arsip(s) telah dibatalkan."
"Total of %d record(s) were deleted","Total dari %d arsip(s) telah dihapus"
"Total of %d record(s) were deleted.","Total dari %d arsip(s) telah dihapus."
"Total of %d record(s) were updated","Total dari %d arsip(s) telah berhasil diperbarui"
"Total of %d record(s) were updated.","Total dari %d arsip(s) telah berhasil diperbarui."
"Track Order","Jejak Pesanan"
"Track this shipment","Jejak pengiriman ini"
"Tracking number %s for %s assigned","Nomer Jejak %s untuk %s ditetapkan"
"Tracking number cannot be empty.","Nomer Jejak tidak boleh kosong."
"Transaction Data","Transaksi Data"
"Transaction Details","Detail Transaksi"
"Transaction ID","ID transaksi"
"Transaction Type","Tipe Transaksi"
"Transactional Emails","Email Transaksi"
"Transactions","Transaksi"
"Try Magento Go for Free","Coba Magento Go secara cuma-cuma"
"Type","Tipe"
"Type:","Tipe:"
"URL Rewrite","URL Rewrite"
"URL Rewrite Information","Informasi URL Rewrite"
"URL Rewrite Management","Managemen URL Rewrite"
"Unable to cancel the credit memo.","Gagal membatalkan credit memo."
"Unable to find a Email Template to delete.","Gagal menemukan Template Email untuk dihapus."
"Unable to find a poll to delete.","Gagal menemukan poll untuk dihapuskan."
"Unable to find a tag to delete.","Gagal menemukan tag untuk dihapus."
"Unable to find a user to delete.","Gagal menemukan pengguna untuk dihapus."
"Unable to initialize import model","Gagal menginisialisasi model import"
"Unable to refresh lifetime statistics.","Gagal untuk  menyegarkan statistik seumur hidup."
"Unable to refresh recent statistics.","Gagal untuk menyegarkan statistik akhir-akhir ini."
"Unable to save the cron expression.","Gagal menyimpan ekspresi cron."
"Unable to save the invoice.","Gagal menyimpan tagihan."
"Unable to send the invoice email.","Gagal menyimpan email tagihan."
"Unable to send the shipment email.","Gagal menyimpan email pengiriman."
"Unable to update transaction details.","Gagal memperbarui detail transaksi."
"Unable to void the credit memo.","Gagal untuk membatalkan credit memo."
"Unknown","Tidak diketahui"
"Unlimited","Tidak terbatas"
"Update","Perbarui"
"Updated At","Perbarui Pada"
"Upload File","Mengunggah File"
"Upload Files","Mengunggah Files"
"Upload HTTP Error","Mengunggah Kesalahan HTTP"
"Upload I/O Error","Mengunggah Kesalahan I/O"
"Upload Security Error","Mengunggah Kesalahan Pengamanan"
"Upload import file","Mengunggah import file"
"Uploaded file is larger than %.2f kilobytes allowed by server","File yang terunggah lebih besar dari %.2f kilobytes diizinkan oleh server"
"Use All Available Attributes","Gunakan Semua Atribut yang tersedia"
"Use Config Settings","Gunakan Pengayuran Konfigurasi"
"Use Default","Gunakan Kondisi awal"
"Use Default Value","Gunakan Nilai Awal"
"Use Default Variable Values","Gunakan Nilai Variable Awal"
"Use FTP Connection","Gunakan Koneksi FTP"
"Use Website","Gunakan website"
"Used Currently For","Sedang Digunakan Untuk"
"Used as Default For","Digunakan sebagai Kondidi Awal untuk"
"User Email","Email Pengguna"
"User ID","ID Pengguna"
"User Info","Info Pengguna"
"User Information","Informasi Pengguna"
"User Name","Nama Pengguna"
"User Name is required field.","Nama Pengguna adalah field wajib."
"User Name:","Nama Pengguna:"
"User Password","Kata sandi Pengguna"
"User Role","Role Pengguna"
"User Roles","Roles Pengguna"
"User Roles Information","Informasi Roles Pengguna"
"User Type Resources","Sumber Tipe Pengguna"
"User name","Nama pengguna"
"Users","Pengguna"
"VAT Number is Invalid","Nomer VAT tidak valid"
"VAT Number is Valid","Nomer VAT benar"
"Validation Results","Hasil Validasi"
"Value","Nilai"
"Value Delimiter:","Pembatas Nilai:"
"Variable","Variabel"
"Variable Code","Kode Variabel"
"Variable HTML Value","Variabel Nilai HTML"
"Variable ID","Variabel ID"
"Variable Name","Variabel Nama"
"Variable Plain Value","Variabel Nilai Biasa"
"Verifier code: %s","Kode Verifikasi: %s"
"View Actions XML","Tinjau Tindakan XML"
"View Full Size","Tinjau Ukuran Full"
"View Memo","Tinjau Memo"
"View Memo for #%s","Tinjau Memo untuk #%s"
"View Shipment","Tinjau Pengiriman"
"View Statistics For:","Tinjau Statistik Untuk:"
"Visibility:","Visibilitas:"
"Warning","Peringatan"
"Warning! Empty value can cause problems with CSV format.","Peringatan! Nilai yang kosong dapat menyebabkan masalah dengan format CSV."
"Warning!\r\nThis action will remove this user from already assigned role\r\nAre you sure?","Peringatan!\r\nTindakan ini akan menghapus pengguna ini dari role yang sudah ditentukan\r\nApa anda yakin?"
"Warning!\r\nThis action will remove those users from already assigned roles\r\nAre you sure?","Peringatan!\r\nTindakan ini akan menghapus pengguna tersebut dari role yang sudah ditentukan\r\nApa anda yakin?"
"Warning: Please do not close the window during importing/exporting data","Peringatan: Mohon tidak menutup jendela selama importing/exporting data"
"Watermark File for %s","Watermark File untuk %s"
"We appreciate our merchants\' feedback, please <a href=""#"" onclick=""surveyAction(\'yes\'); return false;"">take our survey</a> to provide insight on the features you would like included in Magento. <a href=""#"" onclick=""surveyAction(\'no\'); return false;"">Remove this notification</a>","Kami menghargai para penjual kami\' dimohon, feedback dan masukannya <a href=""#"" onclick=""surveyAction(\'yes\'); return false;"">take our survey</a> untuk menyediakan pengertian pada fitur yang anda ingin masukan di Magento. <a href=""#"" onclick=""surveyAction(\'no\'); return false;"">Hapuskan pemberitahuan ini</a>"
"We\'re in our typing table, coding away more features for Magento. Thank you for your patience.","Kami berada dalam meja pengetikan, mengkodekan lebih banyak fitur untuk Magento. Terimakasih atas kesabaran anda."
"Web Section","Bagian Web"
"Web Services","Service Web"
"Web services","Service Web"
"Website","Website"
"What is this?","Apakah ini?"
"Wishlist Report","Laporan Daftar permohonan"
"Wishlist item is not loaded.","Barang Daftar permohonan tidak termuat."
"Wrong account specified.","Kesalahan akun telah ditentukan."
"Wrong billing agreement ID specified.","Kesalahan ID Persetujuan Tagihan telah ditentukan."
"Wrong column format.","Kesalahan format kolom."
"Wrong newsletter template.","Kesalahan Template buletin."
"Wrong quote item.","Kesalahan Item quote."
"Wrong tab configuration.","Kesalahan konfigurasi tab."
"Wrong tag was specified.","Kesalahan tag Telah ditentukan."
"Wrong transaction ID specified.","Kesalahan ID transaksi telah ditentukan."
"XML","XML"
"XML data is invalid.","Data XML tidak valid."
"XML object is not instance of ""Varien_Simplexml_Element"".","XML Objek bukan instansi dari ""Varien_Simplexml_Element""."
"YTD","YTD"
"Year","Tahun"
"Yes","Ya"
"Yes (301 Moved Permanently)","Ya (301 Dipindahkan Secara Permanen)"
"Yes (302 Found)","Ya (302 Ditemukan)"
"Yes (only price with tax)","Ya (hanya harga dengan pajak)"
"You cannot delete your own account.","Anda tidak dapat menghapus akun milik anda sendiri."
"You have %s unread message(s).","Anda memiliki %s pesan tak terbaca(s)."
"You have %s unread message(s). <a href=""%s"">Go to messages inbox</a>.","Anda memiliki %s pesan tak terbaca(s). <a href=""%s"">Menuju Kotak masuk pesan</a>."
"You have %s, %s and %s unread messages. <a href=""%s"">Go to messages inbox</a>.","Anda memiliki %s, %s dan %s pesan tak terbaca. <a href=""%s"">Menuju Kotak masuk pesan</a>."
"You have logged out.","Anda telah berhasil keluar."
"You have not enough permissions to use this functionality.","Anda tidak memiliki Izin yang cukup untuk menggunakan fungsi ini."
"You must have JavaScript enabled in your browser to utilize the functionality of this website.","Anda harus menyalakan JavaScript pada browser anda untuk memanfaatkan fungsi website."
"You need to specify order items.","Anda perlu menentukan item pesanan."
"You will need to wait when the action ends.","Anda diminta menunggu ketika langkah selesai."
"Your answers contain duplicates.","Jawaban anda berisi duplikat."
"Your password has been updated.","Kata sandi anda telah diperbarui."
"Your password reset link has expired.","Link reset kata sandi anda telah habis masa berlakunya."
"Your server PHP settings allow you to upload files not more than %s at a time. Please modify post_max_size (currently is %s) and upload_max_filesize (currently is %s) values in php.ini if you want to upload larger files.","Pengaturan PHP server anda memungkinkan anda mengunggah file tidak lebih dari %s dalam satu waktu. Mohon ubah post_max_size (Saat ini %s) dan upload_max_filesize (saat ini %s) nilai di php.ini jika anda ingin mengunggah file yang lebih besar."
"Your web server is configured incorrectly. As a result, configuration files with sensitive information are accessible from the outside. Please contact your hosting provider.","Your web server is configured incorrectly. As a result, configuration files with sensitive information are accessible from the outside. Please contact your hosting provider."
"Zip/Postal Code","Kode Pos"
"Zip/Postal Code:","Kode Pos:"
"[ deleted ]","[ terhapus ]"
"[GLOBAL]","[GLOBAL]"
"[STORE VIEW]","[TAMPILAN Toko]"
"[WEBSITE]","[WEBSITE]"
"b","b"
"close","tutup"
"critical","critical"
"example: ""sitemap/"" or ""/"" for base path (path must be writeable)","contoh: ""sitemap/"" atau ""/"" untuk path dasar (path diharuskan untuk dapat dimodifikasi/ ditulis)"
"example: sitemap.xml","contoh: sitemap.xml"
"failed","gagal"
"from","dari"
"major","banyak"
"minor","sedikit"
"notice","pemberitahuan"
"store(%s) scope","toko(%s) lingkup"
"successful","berhasi"
"to","ke"
"website(%s) scope","website(%s) lingkup"
"{{base_url}} is not recommended to use in a production environment to declare the Base Unsecure URL / Base Secure URL. It is highly recommended to change this value in your Magento <a href=""%s"">configuration</a>.","{{base_url}} tidak direkomendasikan untuk digunakan pada lingkungan produksi untuk menyatakan dasar ketidak amanan URL / Dasar aman URL. Sangat direkomendasikan untuk mengganti value ini pada Magento anda <a href=""%s"">konfigurasi</a>."
