"""%s"" coupon code is not valid.","""%s"" kode kupon tidak valid."
"%s","%s"
"%s / %s rate:","%s / nilai %s:"
"%s for %s","%s untuk %s"
"%s order(s) cannot be canceled","%s pesanan(beberapa) tidak dapat dibatalkan"
"%s order(s) have been canceled.","%s pesanan(beberapa) telah dibatalkan."
"%s order(s) have been put on hold.","%s pesanan(beberapa) telah ditunda."
"%s order(s) have been released from holding status.","%s pesanan(beberapa) Telah dibebaskan dari status tunda."
"%s order(s) were not put on hold.","%s pesanan(beberapa) tidak ditunda."
"%s order(s) were not released from holding status.","%s pesanan(beberapa) tidak dibebaskan dari status tunda."
"* - Enter custom price excluding tax","* - Masukan harga custom tidak termasuk pajak"
"* - Enter custom price including tax","* - Masukan harga custom termasuk pajak"
"* Required Fields","* Field Wajib"
"-- Please Select --","-- Silahkan Pilih --"
"-- Please Select Billing Agreement--","-- Silahkan Pilih Persetujuan Penagihan--"
"About This Order:","Mengenai Pesanan Ini:"
"About This Profile:","Mengenai Profil Ini:"
"About Your Invoice","Mengenai Faktur anda"
"About Your Order","Mengenai Pesanan Anda"
"About Your Refund","Mengenai Pengembalian Anda"
"About Your Shipment","Mengenai Pengiriman Anda"
"Accept Payment","Terima Pembayaran"
"Accept or Deny Payment","Terima atau Tolak Pembayaran"
"Account Information","Informasi Akun"
"Action","Tindakan"
"Actions","Banyak Tindakan"
"Activate","Aktifkan"
"Active","Aktif"
"Add","Tambahkan"
"Add New Address","Tambahkan Alamat Baru"
"Add Order Comments","Tambahkan Komentar Pesanan"
"Add Package","Tambah Paket"
"Add Products","Tambah Produk"
"Add Selected Product(s) to Option","Tambahkan Produk(beberapa) Terpilih ke Opsi"
"Add Selected Product(s) to Order","Tambahkan Produk(beberapa) Terpilih ke Pesanan"
"Add Selected Product(s) to Package","Tambahkan Produk(beberapa) Terpilih ke Paket"
"Add To Order","Tambahkan Ke Pesanan"
"Add Tracking Number","Tambahkan Nomer Pelacakan"
"Add comment to order","Tambahkan komentar ke pesanan"
"Add new comment to credit memo","Tambahkan komentar baru ke credit memo"
"Add new comment to shipment","Tambahkan komentar baru ke pengiriman"
"Add new tracking number","Tambahkan nomer pelacakan baru"
"Add to Cart","Tambah ke Troli"
"Additional Product Info","Info Produk Tambahan"
"Address","Alamat"
"Address model is not defined.","Model alamat tidak ditetapkan."
"Adjustment Fee","Biaya Penyesuaian"
"Adjustment Refund","Penyesuaian Pengembalian"
"Agreement Information","Informasi Persetujuan"
"Allow Reorder","Izinkan Pengulangan Pesanan"
"Amount","Jumlah"
"Amount: %s.","Jumlah: %s."
"An error occurred while assigning order status. Status has not been assigned.","Terjadi kesalahan saat menentukan status pesanan. Status belum ditentukan."
"An error occurred while creating shipping label.","Terjadi kesalahan saat membuat label pengiriman."
"An error occurred while saving order status. The status has not been added.","Terjadi kesalahan saat menyimpan status pesanan. Status belum ditambahkan."
"An error occurred while unassigning order status.","Terjadi kesalahan saat melepas status pesanan."
"An error occurred while updating the order address. The address has not been changed.","Terjadi kesalahan saat memperbarui alamat pesanan. Alamat tidak terubah."
"An item option with code %s already exists.","Opsi Item dengan kode %s sudah ada."
"Anchor Custom Title","Anchor Judul Custom"
"Append Comments","Lampiran Komentar"
"Apply","Terapkan/Gunakan"
"Apply Coupon Code","Gunakan Kode Kupon"
"Approved the payment online.","Setujui pembayaran secara online."
"Are you sure you want to accept this payment?","Anda yakin ingin menerima pembayaran ini?"
"Are you sure you want to cancel this order?","Anda yakin ingin membatalkan pesanan ini?"
"Are you sure you want to delete all items from shopping cart?","Anda yakin ingin menghapus seluruh item dari troli?"
"Are you sure you want to deny this payment?","Anda yakin ingin menolak pembayaran ini?"
"Are you sure you want to do this?","Anda yaking ingin melakukan ini?"
"Are you sure you want to send Creditmemo email to customer?","Anda yakin ingin mengirim email Creditmemo ke pelanggan?"
"Are you sure you want to send Invoice email to customer?","Anda yakin ingin mengirim email Faktur ke pelanggan?"
"Are you sure you want to send Shipment email to customer?","Anda yakin ingin mengirim email Pengiriman ke pelanggan?"
"Are you sure you want to send order email to customer?","Anda yakin ingin mengirim email Pesanan ke pelanggan?"
"Are you sure you want to void the payment?","Anda yakin ingin membatalkan pembayaran?"
"Are you sure?","Anda yakin?"
"Are you sure? This order will be canceled and a new one will be created instead","Anda yakin? Pesanan ini akan dibatalkan dan yang baru akan dibuat sebagai gantinya"
"Assign Order Status to State","Tetapkan Status Pesanan ke Negara"
"Assign Status to State","Tetapkan Status ke Negara"
"Assignment Information","Informasi Penugasan"
"At least a payment ID must be set.","Paling sedikit ID pembayaran harus ditetapkan."
"Authorization","Otorisasi"
"Authorized amount of %s.","Jumlah otorisasi dari %s."
"Authorizing amount of %s is pending approval on gateway.","Jumlah otorisasi dari %s sedang menunggu persetujuan pada gateway."
"Back","Kembali"
"Back to Billing Agreements","Kembali ke Persetujuan Penagihan"
"Back to My Orders","Kembali ke Pesanan Saya"
"Back to Recurring Profiles","Kembali ke Profil Berulang"
"Backordered","Backordered"
"Bestsellers","Penjualan Terbaik"
"Bill to Name","Tagihan ke Nama"
"Billing","Tagihan"
"Billing Address","Alamat Tagihan"
"Billing Agreement","Persetujuan Penagihan"
"Billing Agreement # %s","Persetujuan Penagihan # %s"
"Billing Agreement #%s","Persetujuan Penagihan #%s"
"Billing Agreement View","Tinjau Persetujuan Penagihan"
"Billing Agreements","Persetujuan Penagihan"
"Billing Last Name","Penagihan Nama Belakang"
"Billing ZIP Code","Penagihan Kode Pos"
"Buy %s for price %s","Beli %s untuk harga %s"
"CSV","CSV"
"Cancel","Batalkan"
"Cancel credit memo","Batalkan credit memo"
"Cancel invoice","Batalkan faktur"
"Cancel order","Batalkan pesanan"
"Canceled","Dibatalkan"
"Canceled order offline.","Pesanan dibatalkan secara offline."
"Canceled order online.","Pesanan dibatalkan secara online."
"Cannot add order history.","Tidak dapat menambahkan riwayat pesanan."
"Cannot create an empty shipment.","Tidak dapat membuat kiriman kosong."
"Cannot determine the field name.","Tidak dapat menentukan nama field."
"Cannot do invoice for order.","Tidak dapat melakukan faktur untuk pesanan."
"Cannot do shipment for order.","Tidak dapat melakukan pengiriman untuk pesanan."
"Cannot get order instance","Tidak dapat memperoleh instansi pesanan"
"Cannot get the order instance.","Tidak dapat memperoleh instansi pesanan."
"Cannot register an existing credit memo.","Tidak dapat meregister credit memo yang sudah ada."
"Cannot register existing invoice","Tidak dapat mendaftarkan faktur yang ada"
"Cannot register existing shipment","Tidak bisa mendaftarkan kiriman yang ada"
"Capture","Menangkap"
"Capture Amount","Tangkap Jumlah"
"Capture Offline","Tangkap Offline"
"Capture Online","Tangkap Online"
"Capture invoice","Tangkap faktur"
"Captured amount of %s online.","Jumlah yang diambil dari %s online."
"Capturing amount of %s is pending approval on gateway.","Menangkap jumlah dari %s sedang menunggu persetujuan gateway."
"Carrier","Kurir"
"Carrier/Method","Kurir/Metode"
"Change status, add comments","Ubah status, tambahkan komentar"
"Changing address information will not recalculate shipping, tax or other order amount.","Mengubah informasi alamat tidak akan menghitung ulang pengiriman, pajak atau jumlah pesanan lainnya."
"Checkout Totals Sort Order","Checkout Total Urutan Sortir"
"City","Kota"
"Clear Shopping Cart","Bersihkan Daftar Belanja"
"Click to change shipping method","Klik untuk ubah metode pengiriman"
"Close","Tutup"
"Closed","Ditutup"
"Comma-separated.","Dipisahkan koma."
"Comment","Komentar"
"Comment Text","Teks Komentar"
"Comments","Komentar"
"Comments History","Riwayat Komentar"
"Company","Perusahaan"
"Complete","Selesai"
"Configure","Konfigurasi"
"Configure and Add to Order","Konfigurasikan dan Tambahkan ke Pesanan"
"Contents","Konten"
"Continue","Lanjutkan"
"Controls whether customer IP is shown in orders, invoices, shipments, credit memos.","Mengontrol apakah IP pelanggan ditampilkan dalam pesanan, faktur, pengiriman, kredit memo."
"Country","Negara"
"Coupons","Kupon"
"Create","Buat"
"Create New Customer","Buat Pelanggan Baru"
"Create New Order","Buat Pesanan Baru"
"Create New Order Status","Buat Status Pesanan Baru"
"Create New Order for %s","Buat Pesanan Baru untuk %s"
"Create New Order for %s in %s","Buat Pesanan Baru untuk %s dalam %s"
"Create New Order for New Customer","Buat Pesanan Baru untuk Pelanggan Baru"
"Create New Order for New Customer in %s","Buat Pesanan Baru untuk Pelanggan Baru di %s"
"Create New Status","Buat Status Baru"
"Create Packages","Buat Paket"
"Create Shipment","Buat Pengiriman"
"Create Shipping Label","Buat Label Pengiriman"
"Create Shipping Label...","Buat Label Pengiriman..."
"Create new credit memo for order","Buat kredit memo baru untuk pesanan"
"Create new invoice for order","Buat faktur baru untuk pesanan"
"Create new shipment for order","Buat pengiriman baru untuk pesanan"
"Create...","Buat..."
"Created At","Buat Pada"
"Created billing agreement #%s.","kesepakatan penagihan dibuat #%s."
"Created:","Dibuat:"
"Credit Memo","Kredit Memo"
"Credit Memo #","Kredit Memo #"
"Credit Memo # ","Kredit Memo # "
"Credit Memo #%1$s | %3$s | %2$s (%4$s)","Kredit Memo #%1$s | %3$s | %2$s (%4$s)"
"Credit Memo Comment Email Sender","Kredit Memo Komentar Pengirim Email"
"Credit Memo Comment Email Template","Kredit Memo Komentar Template Email"
"Credit Memo Comment Email Template for Guest","Kredit Memo Komentar Template Email untuk Pengunjung"
"Credit Memo Comments","Kredit Memo Komentar"
"Credit Memo Email Sender","Kredit Memo Pengirim Email"
"Credit Memo Email Template","Kredit Memo Template Email"
"Credit Memo Email Template for Guest","Kredit Memo Template Email untuk Pengunjung"
"Credit Memo Update","Kredit Memo Diperbarui"
"Credit Memo Update for Guest","Kredit Memo Diperbarui untuk Pengunjung"
"Credit Memos","Kredit Memo"
"Credit memo canceling problem.","Masalah pada pembatalan kredit memo."
"Credit memo cannot be canceled.","Kredit memo tidak dapat dibatalkan."
"Credit memo has been created automatically","Kredit memo telah dibuat secara otomatis"
"Custom Price","Harga Kustom"
"Custom Value","Nilai Kustom"
"Customer","Pelanggan"
"Customer Can Define Start Date","Pelanggan Dapat Menentukan Tanggal Mulai"
"Customer Email","Email Pelanggan"
"Customer Group","Kelompok Pelanggan"
"Customer Last Name","Nama Belakang Pelanggan"
"Customer My Account Order Creditmemo View","Tampilan Memo Kredit Pesanan Pelanggan Akun Saya"
"Customer My Account Order History","Riwayat Pesanan Pelanggan Akun Saya"
"Customer My Account Order Invoice View","Tampilan Faktur Pesanan Pelanggan Akun Saya"
"Customer My Account Order Shipment View","Tampilan Pengiriman Pesanan Pelanggan Akun Saya"
"Customer My Account Order View","Tampilan Pesanan Pelanggan Akun Saya"
"Customer Name","Nama Pelanggan"
"Customer\'s Current Activities","Aktivitas terkini Pelanggan"
"Customs Value","Nilai Kustom"
"Date","Tanggal"
"Date Shipped","Tanggal Dikirim"
"Default Status","Status Awal"
"Default Template","Template Awal"
"Default logo, will be used in PDF and HTML documents.<br />(jpeg, tiff, png) If you see image distortion in PDF, try to use larger image","Logo standar, akan digunakan pada PDF dan dokumen HTML.<br />(jpeg, tiff, png) Jika Anda melihat distorsi gambar pada PDF, Coba gunakan gambar yang lebih besar"
"Delete","Hapus"
"Delete Package","Hapus Paket"
"Denied the payment online.","Tolak pembayaran secara online."
"Deny Payment","Tolak Pembayaran"
"Description Message","Deskripsi Pesan"
"Discount","Diskon"
"Discount (%s)","Diskon (%s)"
"Discount Amount","Jumlah Diskon"
"Display Order ID in Header","Tampilkan ID Pesanan di Header"
"Edit","Edit"
"Edit Order #%s","Edit Pesanan #%s"
"Edit Order %s %s Address","Edit Alamat Pesanan %s %s"
"Edit Order Status","Edit Status Pesanan"
"Email","Email"
"Email Address","Alamat Email"
"Email Copy of Credit Memo","Salinan Email Kredit Memo"
"Email Copy of Invoice","Salinan Email Faktur"
"Email Copy of Shipment","Salinan Email Pengiriman"
"Email Order Confirmation","Email Konfirmasi Pesanan"
"Enable","Nyalakan"
"Enabled","Dinyalakan"
"Enter the billing last name and email/ZIP as in the order billing address","Masukkan nama belakang penagihan dan Email/ZIP seperti pada alamat penagihan pesanan"
"Entered data is incorrect. Please try again.","Data yang dimasukan tidak benar. Silahkan coba lagi."
"Error to Show in Shopping Cart","Kesalahan untuk Ditampilkan pada Troli"
"Excel XML","Excel XML"
"Excl. Tax","Tidak termasuk Pajak"
"Expired","Kadaluarsa"
"Explanation","Penjelasan"
"Failed to cancel the billing agreement.","Gagal membatalkan perjanjian penagihan."
"Failed to create billing agreement for this order.","Gagal membuat perjanjian penagihan untuk pesanan ini."
"Failed to finish billing agreement wizard.","Gagal menyelesaikan wizard perjanjian penagihan."
"Failed to send the order email.","Gagal mengirim email pesanan."
"Failed to start billing agreement wizard.","Gagal memulai wizard perjanjian penagihan."
"Failed to update the payment.","Gagal memperbarui pembayaran."
"Failed to update the profile.","Gagal memperbarui profile."
"Failed to void the payment.","Gagal membatalkan pembayaran."
"Fetch","Mengambil"
"File extension not known or unsupported type in the following shipment: %s","Ekstensi file tidak diketahui atau tipe tidak didukung pada pengiriman berikut: %s"
"Find Order By:","Temukan Pesanan oleh:"
"First Name","Nama Depan"
"From","Dari"
"From Name","Dari Nama"
"From:","Dari:"
"G.T. (Base)","G.T. (Dasar)"
"G.T. (Purchased)","G.T. (Dibeli)"
"General","Umum"
"General Information","Informasi Umum"
"Get Payment Update","Dapatkan Pembaruan Pembayaran"
"Get Update","Dapatkan Pembaruan"
"Get shipping methods and rates","Dapatkan metode dan tarif pengiriman"
"Gift Message","Pesan Hadiah"
"Gift Message for This Order","Pesan Hadiah untuk Pesanan Ini"
"Gift Message for the Entire Order","Pesan Hadiah untuk Seluruh Pesanan"
"Gift Message for this Order","Pesan Hadiah untuk pesanan ini"
"Gift Options","Opsi Hadiah"
"Girth","Girth"
"Go to Home Page","Pergi ke Halaman Utama"
"Grand Total","Total Seluruh"
"Grand Total to be Charged","Total keseluruhan akan dikenakan biaya"
"Guest","Pengunjung"
"Height","Tinggi"
"Hide Customer IP","Sembunyikan IP Pelanggan"
"Hold","Tahan"
"Hold action is not available.","Tindakan Tahan tidak tersedia."
"Hold order","Tahan pesanan"
"Home","Rumah"
"ID","ID"
"ID #","ID #"
"If empty, the default description above will be used.","Jika kosong, Deskripsi standar di atas akan digunakan."
"If empty, the default error above will be used.","Jika kosong, Kesalahan standar di atas akan digunakan."
"If the invoice was created offline, try creating an offline creditmemo.","Jika faktur dibuat secara offline, coba buat kredit memo secara offline."
"Incl. Tax","Termasuk Pajak"
"Information","Informasi"
"Initial Fee","Biaya Awal"
"Initial Fees","Biaya Awal"
"Initial period payment","Pembayaran periode awal"
"Insufficient information to create shipping label(s). Please verify your Store Information and Shipping Settings.","Tidak cukup informasi untuk membuat label(beberapa) pengiriman. Harap verifikasi pengaturan informasi dan pengiriman toko Anda."
"Invalid block: %s.","Blok tidak valid: %s."
"Invalid carrier specified.","Kurir tidak valid ditentukan."
"Invalid draw line data. Please define ""lines"" array.","Data baris tidak valid. Silahkan definisikan susunan ""baris""."
"Invalid entity model","Model entitas tidak valid"
"Invalid item option format.","Format opsi item tidak valid."
"Invalid qty to invoice item ""%s""","Kuantitas tidak valid ke item faktur ""%s"""
"Invalid qty to refund item ""%s""","Kuantitas tidak valid untuk mengembalikan item ""%s"""
"Invalid qty to ship for item ""%s""","Kuantitas tidak valid dikirim untuk item ""%s"""
"Invalid renderer model","Model render tidak valid"
"Invalid request for adding product to quote.","Permintaan tidak valid untuk menambahkan produk ke penawaran."
"Invalid value(s) for Qty to Ship","Nilai(beberapa) tidak valid untuk kuantitas kiriman"
"Invoice","Faktur"
"Invoice #","Faktur #"
"Invoice # ","Faktur # "
"Invoice #%1$s | %2$s | %4$s (%3$s)","Faktur #%1$s | %2$s | %4$s (%3$s)"
"Invoice #%s","Faktur #%s"
"Invoice Comment Email Sender","Komentar Faktur Pengirim Email"
"Invoice Comment Email Template","Komentar Faktur Template Email"
"Invoice Comment Email Template for Guest","Komentar Faktur Template Email untuk Pengunjung"
"Invoice Comments","Komentar Faktur"
"Invoice Date","Tanggal Faktur"
"Invoice Email Sender","Faktur Pengirim Email"
"Invoice Email Template","Faktur Template Email"
"Invoice Email Template for Guest","Faktur Template Email untuk Pengunjung"
"Invoice Update","Pembaruan Faktur"
"Invoice Update for Guest","Pembaruan Faktur untuk Pengunjung"
"Invoice and Packing Slip Design","Desain Faktur dan Selip Paket"
"Invoice and Ship","Faktur dan Kiriman"
"Invoice canceling problem.","Masalah pada pembatalan faktur."
"Invoice cannot be canceled.","Faktur tidak dapat dibatalkan."
"Invoice cannot be captured.","Faktur tidak dapat ditangkap."
"Invoice cannot be voided.","Faktur tidak dapat dibatalkan."
"Invoice capturing problem.","Masalah pada penangkapan faktur."
"Invoice void problem","Masalah pada pembatalan faktur"
"Invoice will be created without communication with payment gateway.","Faktur akan dibuat tanpa komunikasi dengan gateway pembayaran."
"Invoiced","Difaktur"
"Invoices","Faktur"
"Is Closed","Ditutup"
"Item","Item"
"Item Status","Status Item"
"Item object is not specified.","Item objek tidak ditentukan."
"Item options declaration error.","Kesalahan deklarasi opsi item."
"Item ordered qty","Kuantitas item dipesan"
"Item qty declaration error.","Kesalahan deklarasi kuantitas item."
"Items","Items"
"Items Invoiced","Item Difaktur"
"Items Ordered","Item Dipesan"
"Items Refunded","Item Dikembalikan"
"Items Shipped","Item Dikirimkan"
"Items in the Package","Item pada Paket"
"Items maximum quantity or price do not allow checkout.","Kuantitas maksimum item atau harga tidak memungkinkan checkout."
"Items options declaration error.","Kesalahan deklarasi opsi item."
"Items to Refund","Item untuk Pengembalian"
"Items to Ship","Item untuk Dikirim"
"Key","Kunci"
"Last Name","Nama Belakang"
"Last Ordered Items","Item yang dipesan terakhir"
"Last status can\'t be unassigned from state.","Status terakhir tidak dapat ditetapkan."
"Length","Panjang"
"Link to the New Order","Link menuju Pesanan Baru"
"Link to the Previous Order","Link menuju Pesanan Sebelumnya"
"Logo for HTML Print View","Logo untuk Tampilan Print HTML"
"Logo for HTML documents only. If empty, default will be used.<br />(jpeg, gif, png)","Logo hanya untuk dokumen HTML. Jika kosong, nilai awal akan digunakan.<br />(jpeg, gif, png)"
"Logo for PDF Print-outs (200x50)","Logo untuk PDF Print-outs (200x50)"
"Make Check payable to:","Lakukan Pembayaran Cek ke:"
"Manage","Kelola"
"Maximum amount available to refund is %s","Jumlah maksimum yang tersedia untuk pengembalian adalah %s"
"Maximum shipping amount allowed to refund is: %s","Jumlah pengiriman maksimum yang tersedia untuk pengembalian adalah: %s"
"Message","Pesan"
"Message:","Pesan:"
"Minimum Amount","Jumlah Minimal"
"Minimum Order Amount","Minimal Jumlah Pesanan"
"Mixed","Campur"
"Most Viewed","Terlaris"
"Most Viewed Products Report","Laporan Produk Terlaris"
"Move to Shopping Cart","Pindahkan ke Troli"
"Move to Wishlist","Pindahkan ke Daftar keinginan"
"Multi-address Description Message","Deskripsi Pesan Multi-alamat"
"Multi-address Error to Show in Shopping Cart","Kesalahan Multi-alamat untuk Ditampilkan pada Troli"
"My Orders","Pesanan Saya"
"My Orders - Details","Pesanan Saya - Detail"
"N/A","N/A"
"Name","Nama"
"New","Baru"
"New Billing Agreement","Perjanjian Penagihan Baru"
"New Credit Memo","Kredit Memo Baru"
"New Credit Memo for Guest","Kredit Memo Baru untuk Pengunjung"
"New Credit Memo for Invoice #%s","Kredit Memo Baru untuk Faktur #%s"
"New Credit Memo for Order #%s","Kredit Memo Baru untuk Pesanan #%s"
"New Invoice","Faktur Baru"
"New Invoice and Shipment for Order #%s","Faktur dan Pengiriman Baru untuk Pesanan #%s"
"New Invoice for Guest","Faktur Baru untuk Pengunjung"
"New Invoice for Order #%s","Faktur Baru untuk Pesanan #%s"
"New Order","Pesanan Baru"
"New Order Confirmation Email Sender","Pengirim Email Konfirmasi Pesanan Baru"
"New Order Confirmation Template","Template Konfirmasi Pesanan Baru"
"New Order Confirmation Template for Guest","Template Konfirmasi Pesanan Baru untuk Pengunjung"
"New Order RSS","RSS Pesanan Baru"
"New Order Status","Status Pesanan Baru"
"New Order for Guest","Pesanan Baru untuk Pengunjung"
"New Shipment","Pengiriman Baru"
"New Shipment for Guest","Pengiriman Baru untuk Pengunjung"
"New Shipment for Order #%s","Pengiriman Baru untuk Pesanan #%s"
"Newsletter Subscription","Berlangganan Bulletin"
"No","Tidak"
"No Items","Tidak ada Item"
"No Items To Refund","Tidak ada Item untuk Pengembalian"
"No Payment Methods","Tidak ada Metode Pembayaran"
"No detail for number ""%s""","Tidak ada detail untuk nomer ""%s"""
"No information available.","Tidak ada informasi tersedia."
"No items","TIdak ada item"
"No order(s) were put on hold.","Tidak ada pesanan(beberapa) yang ditunda."
"No order(s) were released from holding status.","Tidak ada pesanan(beberapa) yang dilepaskan dari status tunda."
"No ordered items","Tidak ada item yang dipesan"
"No shipping information available","TIdak ada informasi pengiriman tersedia"
"Nominal Items","Item Nominal"
"Nominal item can be purchased standalone only. To proceed please remove other items from the quote.","Item nominal hanya bisa dibeli secara sendiri. Untuk melanjutkan silahkan hapus item lain dari kuota."
"Nominal order registered.","Pesanan nominal terdaftar."
"Not Capture","Tidak Tertangkap"
"Not Initialized","Tidak Diinisialisasi"
"Not Notified","Tidak Diberitahu"
"Not enough valid data to save the parent transaction ID.","Tidak cukup data yang valid untuk menyimpan parent ID transaksi."
"Notification Not Applicable","Pemberitahuan Tidak Berlaku"
"Notified","Diberitahu"
"Notify Customer by Email","Beritahu Pelanggan melalui Email"
"Number","Nomer"
"Number of Invoiced Orders","Jumlah Pesanan Terfaktur"
"Number of Orders","Jumlah Pesanan"
"Number of Refunded Orders","Jumlah Pesanan Dikembalikan"
"OK","OK"
"Offline Refunded","Pengembalian secara Offline"
"On Hold","Tertahan"
"Online Refunded","Pengembalian seacara Online"
"Order","Pesanan"
"Order #","Pesanan #"
"Order # ","Pesanan # "
"Order # %s","Pesanan # %s"
"Order # %s %s | %s","Pesanan # %s %s | %s"
"Order #%s","Pesanan #%s"
"Order #%s - %s","Pesanan #%s - %s"
"Order API","Pesanan API"
"Order Address Information","Informasi Alamat Pesanan"
"Order Comment","Komentar Pesanan"
"Order Comment Email Sender","Pengirim Email Komentar Pesanan"
"Order Comment Email Template","Template Email Komentar Pesanan"
"Order Comment Email Template for Guest","Template Email Komentar Pesanan untuk Pengunjung"
"Order Comments","Komentar Pesanan"
"Order Credit Memos","Kredit Memo Pesanan"
"Order Currency:","Mata uang Pesanan:"
"Order Date","Tanggal Pesanan"
"Order Date (%s)","Tanggal Pesanan (%s)"
"Order Date: ","Tanggal Pesanan: "
"Order Date: %s","Tanggal Pesanan: %s"
"Order Details","Detail Pesanan"
"Order Grand Total","Total Seluruh Pesanan"
"Order History","Riwayat Pesanan"
"Order History Info","Info Riwayat Pesanan"
"Order ID","ID Pesanan"
"Order Information","Informasi Pesanan"
"Order Invoices","Faktur Pesanan"
"Order Shipments","Pengiriman Pesanan"
"Order State","Keadaan Pesanan"
"Order Status","Status Pesanan"
"Order Status Information","Informasi Status Pesanan"
"Order Statuses","Status Pemesanan"
"Order Subtotal","Subtotal Pesanan"
"Order Taxes Report Grouped by Tax Rates","Laporan Pajak Pesanan yang Dikelompokkan menurut Tarif Pajak"
"Order Total","Total Pesanan"
"Order Totals","Total Pesanan"
"Order Update","Pembaruan Pesanan"
"Order Update for Guest","Pembaruan Pesanan untuk Pengunjung"
"Order View","Tampilan Pesanan"
"Order credit memo","Kredit memo pesanan"
"Order does not allow to be canceled.","Pemesanan tidak boleh dibatalkan."
"Order invoice","Faktur pesanan"
"Order is suspended as its authorizing amount %s is suspected to be fraudulent.","Pesanan ditangguhkan karena jumlah otorisasi %s diduga terjadi kecurangan."
"Order is suspended as its capture amount %s is suspected to be fraudulent.","Pesanan ditangguhkan karena jumlah tangkapan %s diduga terjadi kecurangan."
"Order object is not specified.","Objek pesanan tidak ditentukan."
"Order saving error: %s","Kesalahan pada penyimpanan pemesanan: %s"
"Order shipments","Pengiriman pesanan"
"Order status does not exist.","Status pesanan tidak ada."
"Order status with the same status code already exist.","Status pemesanan dengan kode status yang sama sudah ada."
"Order was placed using %s","Order ditempatkan dengan menggunakan %s"
"Ordered","Dipesan"
"Ordered amount of %s.","Jumlah %s Dipesan."
"Ordering amount of %s is pending approval on gateway.","Jumlah pemesanan %s Sedang menunggu persetujuan pada gateway."
"Orders","Pesanan"
"Orders and Returns","Pesanan dan Pengembalian"
"Orders and Returns Search Form","Form Pencarian Pesanan dan Pengembalian"
"Original Price","Hrga Original"
"Original order item that recurring payment profile correspondss to.","Item pesanan original yang terkait dengan profil pembayaran berulang."
"PDF Credit Memos","Kredit Memo PDF"
"PDF Invoices","Faktur PDF"
"PDF Packingslips","Selip Paket PDF"
"PDF Print-outs","Print-out PDF"
"PDF object is not specified.","Objek PDF tidak ditentukan."
"PDF page object is not specified.","Halaman objek PDF tidak ditentukan."
"PDF total model should extend Mage_Sales_Model_Order_Pdf_Total_Default","Model total PDF harus perluas Mage_Sales_Model_Order_Pdf_Total_Default"
"Package","Paket"
"Package types are disregarded for USPS domestic shipments.","Tipe paket diabaikan untuk pengiriman domestik USPS."
"Packages","Paket"
"Packingslip # ","Selip Paket # "
"Paid","Dibayar"
"Paid Amount","Jumlah pembayaran"
"Parent Transaction ID","Parent ID Transaksi"
"Parent transaction ID must have a transaction ID.","Parent ID transaksi harus memiliki ID transaksi."
"Partial","Sebagian"
"Payment Failed","Pembayaran Gagal"
"Payment Information","Informasi Pembayaran"
"Payment Method","Metode Pembayaran"
"Payment Method Name","Nama Metode Pembayaran"
"Payment Method:","Metode Pembayaran:"
"Payment Review","Ulasan Pembayaran"
"Payment disallow storing objects.","Pembayaran melarang penyimpanan objek."
"Payment transactions disallow storing objects.","Transaksi pembayaran melarang penyimpanan objek."
"Payment type","Tipe Pembayaran"
"Payment update has been made.","Pembaruan pembayaran telah dibuat."
"Pending","Tertunda"
"Pending Payment","Tunda Pembayaran"
"Period","Periode"
"Place Order Using Billing Agreements","Tempatkan Pesanan Menggunakan Perjanjian Penagihan"
"Placed from IP","Tempatkan dari IP"
"Please Select Products to Add","Silahkan Pilih Produk untuk Ditambahkan"
"Please Select a Customer","Silahkan Pilih Pelanggan"
"Please Select a Store","Silahkan Pilih Toko"
"Please check billing address information. %s","Silahkan periksa informasi alamat penagihan. %s"
"Please check shipping address information. %s","Silahkan periksa informasi alamat pengiriman. %s"
"Please define PDF object before using.","Harap tentukan objek PDF sebelum digunakan."
"Please enter positive number in this field.","Harap masukkan angka positif di field ini."
"Please select a valid payment method.","Harap pilih metode pembayaran yang valid."
"Please specify a shipping method.","Harap tentukan metode pengiriman."
"Please specify a valid grid column alias name that exists in grid table.","Harap tentukan kolom nama alias valid yang ada di tabel kotak."
"Price","Harga"
"Print","Cetak"
"Print All","Cetak Semua"
"Print All Invoices","Cetak Seluruh Faktur"
"Print All Refunds","Cetak Seluruh Pengembalian"
"Print All Shipments","Cetak Seluruh Pengiriman"
"Print Credit Memos","Cetak Kredit Memo"
"Print Invoice","Cetak Faktur"
"Print Invoices","Cetak Faktur"
"Print Order","Cetak Pesanan"
"Print Order # %s","Cetak Pesanan # %s"
"Print Packingslips","Cetak Selip Paket"
"Print Refund","Cetak Pengembalian"
"Print Shipment","Cetak Pengiriman"
"Print Shipping Label","Cetak Label Pengiriman"
"Print Shipping Labels","Cetak Label Pengiriman"
"Processing","Pemrosesan"
"Product","Produk"
"Product Name","Nama Produk"
"Products","Produk"
"Products Bestsellers Report","Laporan Produk Terlaris"
"Products in Comparison List","Produk dalam Daftar Perbandingan"
"Products should be added to package(s)","Produk harus ditambahkan ke paket(beberapa)"
"Profile #%s","Profile #%s"
"Profile Information","Informasi Profile"
"Profile State","Keadaan Profile"
"Profit","Keuntungan"
"Promotion Coupons Usage Report","Laporan Penggunaan Kupon Promosi"
"Proper payment object must be set.","Objek pembayaran yang tepat harus ditetapkan."
"Purchase Order Number:","Nomor pesanan pembelian:"
"Purchased From","Dibeli Dari"
"Purchased From (Store)","Dibeli Dari (Toko)"
"Purchased Item","Item yang dibeli"
"Purchased On","Dibeli Di"
"Qty","Kuantitas"
"Qty Invoiced","Kuantitas Faktur"
"Qty Ordered","Kuantitas Dipesan"
"Qty Shipped","Kuantitas Dikirim"
"Qty To Add","Kuantitas Ditambahkan"
"Qty to Add","Kuantitas Ditambahkan"
"Qty to Invoice","Kuantitas Difakturkan"
"Qty to Refund","Kuantitas Dikembalikan"
"Qty to Ship","Kuantitas Dikirimkan"
"Quantity Ordered","Kuantitas Dipesan"
"Quote item id is not received.","Quote Id item tidak diterima."
"Quote item is not loaded.","Quote item tidak termuat."
"Rate","Nilai"
"Recent Orders","Pesanan Terbaru"
"Recently Compared Products","Produk Dibandingkan Terbaru"
"Recently Viewed","Baru saja Dilihat"
"Recently Viewed Products","Produk Baru saja Dilihat"
"Recurring Profile # %s","Profil Berulang # %s"
"Recurring Profile Initial Fee","Biaya Awal Profil Berulang"
"Recurring Profiles","Profil Berulang"
"Recurring Profiles (beta)","Profil Berulang (beta)"
"Reference ID","ID Referensi"
"Reference ID:","ID Referensi:"
"Refresh","Segarkan"
"Refund","Pengembalian"
"Refund #","Pengembalian #"
"Refund #%s","Pengembalian #%s"
"Refund Amount","Jumlah Pengembalian"
"Refund Offline","Pengembalian Secara Offline"
"Refund Shipping","Pengembalian Pengiriman"
"Refund Shipping (Excl. Tax)","Pengembalian Pengiriman (Tidak Termasuk Pajak)"
"Refund Shipping (Incl. Tax)","Pengembalian Pengiriman (Termasuk Pajak)"
"Refund Totals","Total Pengembalian"
"Refunded","Dikembalikan"
"Refunded amount of %s offline.","Dikembalikan jumlah %s offline."
"Refunded amount of %s online.","Dikembalikan jumlah %s online."
"Refunds","Pengembalian"
"Registered a Void notification.","Pemberitahuan Dibatalkan Terdaftar."
"Registered notification about approved payment.","Pemberitahuan terdaftar tentang pembayaran yang disetujui."
"Registered notification about captured amount of %s.","Pemberitahuan terdaftar tentang jumlah yang ditangkap dari %s."
"Registered notification about denied payment.","Pemberitahuan terdaftar tentang pembayaran yang ditolak."
"Registered notification about refunded amount of %s.","Pemberitahuan terdaftar tentang jumlah yang dikembalikan dari %s."
"Registered update about approved payment.","Update terdaftar tentang pembayaran yang disetujui."
"Registered update about denied payment.","pdate terdaftar tentang pembayaran yang ditolak."
"Regular Payment","Pembayaran Biasa"
"Related Orders","Pesanan Terkait"
"Remove","Hapus"
"Remove Coupon Code","Hapus Kode Kupon"
"Remove tracking number","Hapus nomor pelacakan"
"Reorder","Pesan Ulang"
"Retrieve credit memo info","Terima info kredit memo"
"Retrieve credit memo information","Terima informasi kredit memo"
"Retrieve credit memo list","Terima daftar kredit memo"
"Retrieve invoice info","Terima info faktur"
"Retrieve invoice information","Terima informasi faktur"
"Retrieve list of credit memos by filters","Terima daftar kredit memo dengan filter"
"Retrieve list of invoices by filters","Terima daftar faktur dengan filter"
"Retrieve list of orders by filters","Terima daftar pesanan dengan filter"
"Retrieve list of shipments by filters","Terima daftar pengiriman dengan filter"
"Retrieve order information","Terima informasi pesanan"
"Retrieve orders info","Terima info pesanan"
"Retrieve shipment info","Terima info pengiriman"
"Retrieve shipment information","Terima informasi pengiriman"
"Return to Stock","Kembali ke Stok"
"Returned","Dikembalikan"
"Returns","Kembali"
"Revenue","Pendapatan"
"Row Subtotal","Subtotal Baris"
"Row Total","Total Baris"
"SKU","SKU"
"Sales","Penjualan"
"Sales Discount","Diskon Penjualan"
"Sales Emails","Email Penjualan"
"Sales Emails Section","Bagian Email Penjualan"
"Sales Invoice Print View","Tampilan Cetak Penjualan Faktur"
"Sales Items","Item Penjualan"
"Sales Order Print View","Tampilan Cetak Penjualan Pesanan"
"Sales Section","Bagian Penjualan"
"Sales Shipment Print View","Tampilan Cetak Pengiriman Penjualan"
"Sales Shipping","Pengiriman Penjualan"
"Sales Tax","Pajak Penjualan"
"Sales Total","Total Penjualan"
"Same As Billing Address","Sama seperti Alamat Penagihan"
"Save Order Address","Simpan Alamat Pesanan"
"Save Status","Simpan Status"
"Save Status Assignment","Simpan Penugasan Status"
"Save in address book","Simpan di buku alamat"
"Schedule","Jadwal"
"Select","Pilih"
"Select All","Pilih Semua"
"Select from existing customer addresses:","Pilih dari alamat pelanggan yang ada:"
"Selected option(s) or their combination is not currently available.","Opsi(beberapa) terpilih Atau kombinasi mereka saat ini tidak tersedia."
"Send Credit Memo Comment Email Copy To","Kirim Salinan Email Komentar Kredit Memo Ke"
"Send Credit Memo Comments Email Copy Method","Kirim Metode Salinan Email Komentar Kredit Memo"
"Send Credit Memo Email Copy Method","Kirim Metode Salinan Email Kredit Memo"
"Send Credit Memo Email Copy To","Kirim Salinan Email Kredit Memo Ke"
"Send Email","Kirim Email"
"Send Invoice Comment Email Copy To","Kirim Salinan Email Komentar Faktur Ke"
"Send Invoice Comments Email Copy Method","Kirim Metode Salinan Email Komentar Faktur"
"Send Invoice Email Copy Method","Kirim Metode Salinan Email Faktur"
"Send Invoice Email Copy To","Kirim Salinan Email Faktur Ke"
"Send Order Comment Email Copy To","Kirim Salinan Email Komentar Pesanan Ke"
"Send Order Comments Email Copy Method","Kirim Metode Salinan Email Komentar Pesanan"
"Send Order Email","Kirim Email Pesanan"
"Send Order Email Copy Method","Kirim Metode Salinan Email Pesanan"
"Send Order Email Copy To","Kirim Salinan Email Pesanan Ke"
"Send Sales Emails","Kirim Email Penjualan"
"Send Shipment Comment Email Copy To","Kirim Salinan Email Komentar Pengiriman Ke"
"Send Shipment Comments Email Copy Method","Kirim Metode Salinan Email Komentar Pengiriman"
"Send Shipment Email Copy Method","Kirim Metode Salinan Email Pengiriman"
"Send Shipment Email Copy To","Kirim Salinan Email Pesanan Ke"
"Send Tracking Information","Kirim Informasi Pelacakan"
"Send shipment info","Kirim Info Pengiriman"
"Set order for existing transactions not allowed","Setel agar transaksi yang ada tidak diijinkan"
"Ship","Kiriman"
"Ship To","Kiriman Ke"
"Ship to Name","Kirim Ke Nama"
"Ship to:","Kirim ke:"
"Shipment","Muatan"
"Shipment #","Muatan #"
"Shipment #%1$s | %3$s (%2$s)","Muatan #%1$s | %3$s (%2$s)"
"Shipment #%s","Muatan #%s"
"Shipment Comment Email Sender","Komentar Mutan Pengirim Email"
"Shipment Comment Email Template","Komentar Muatan Template Email"
"Shipment Comment Email Template for Guest","Komentar Muatan Template Email untuk Pengunjung"
"Shipment Comments","Komentar Muatan"
"Shipment Email Sender","Pengirim Email Muatan"
"Shipment Email Template","Template Email Muatan"
"Shipment Email Template for Guest","Template Email Muatan untuk Pengunjung"
"Shipment Update","Perbarui Muatan"
"Shipment Update for Guest","Perbarui Muatan untuk Pengunjung"
"Shipments","Muatan"
"Shipped","Dikirim"
"Shipped By","Dikirim Oleh"
"Shipping","Pengiriman"
"Shipping & Handling","Pengiriman & Penanganan"
"Shipping &amp; Handling","Pengiriman &amp; Penanganan"
"Shipping &amp; Handling Information","Pengiriman &amp; Informasi Penanganan"
"Shipping Address","Alamat Pengiriman"
"Shipping Amount","Jumlah Pengiriman"
"Shipping Information","Informasi Pengiriman"
"Shipping Method","Metode Pengiriman"
"Shipping Method:","Metode Pengiriman:"
"Shipping Refund","Pengembalian Pengiriman"
"Shipping and Tracking Information","Informasi Pengiriman dan Pelacakan"
"Shopping Cart","Troli"
"Show Packages","Tampilkan Paket"
"Signature Confirmation","Konfirmasi Tanda Tangan"
"Signed Up From","Mendaftar Dari"
"Size","Besar"
"Sku","Sku"
"Sold to:","Dijual ke:"
"Some item options or their combination are not currently available.","Beberapa opsi item atau kombinasi mereka saat ini tidak tersedia."
"Some of the products below do not have all the required options.","Beberapa produk di bawah ini tidak memiliki semua opsi yang diperlukan."
"Some of the selected options are not currently available.","Beberapa opsi yang dipilih saat ini tidak tersedia."
"Sorry, no quotes are available for this order at this time.","Maaf, saat ini tidak ada penawaran yang tersedia untuk pesanan ini."
"Source object is not specified.","Objek sumber tidak ditentukan."
"Specified profile does not exist.","Profil yang ditentukan tidak ada."
"State Code [State Title]","Kode Negara [Judul Negara]"
"State/Province","Negara/Provinsi"
"Status","Status"
"Status Code","Kode Status"
"Status Label","Status Label"
"Status:","Status:"
"Store Credit","Kredit Toko"
"Store View Specific Labels","Tampilan Toko Label Tertentu"
"Street Address","Alamat Jalan"
"Submit Comment","Ajukan Komentar"
"Submit Credit Memo","Ajukan Kredit Memo"
"Submit Invoice","Ajukan Faktur"
"Submit Invoice and Shipment","Ajukan Faktur dan Pengiriman"
"Submit Order","Ajukan Pemesanan"
"Submit Shipment","Ajukan Kiriman"
"Subscribe to Newsletter","Berlangganan Bulletin"
"Subscribe to Order Status","Berlangganan Status Pesanan"
"Subtotal","Subtotal"
"Subtotal after discount.","Subtotal setelah diskon."
"Subtotal:","Subtotal:"
"Suspected Fraud","Dugaan Penipuan"
"Suspend","Tangguhkan"
"Suspended","Ditangguhkan"
"Tax","Pajak"
"Tax Amount","Jumlah Pajak"
"Tax Percent","Persen Pajak"
"Telephone","Telepon"
"The Order State ""%s"" must not be set manually.","Keadaan Pesanan ""%s"" tidak boleh diatur secara manual."
"The address total model should be extended from Mage_Sales_Model_Quote_Address_Total_Abstract.","Model total alamat harus diperpanjang dari Mage_Sales_Model_Quote_Address_Total_Abstract."
"The billing agreement ""%s"" has been canceled.","Persetujuan penagihan ""%s"" telah dibatalkan."
"The billing agreement ""%s"" has been created.","Persetujuan penagihan ""%s"" telah dibuat."
"The coupon code has been accepted.","Kode kupon telah diterima."
"The message has been sent.","Pesan telah dikirim."
"The message was sent.","Pesan telah terkirim."
"The order address has been updated.","Alamat pesanan telah diperbarui."
"The order email has been sent.","Email pesanan telah dikirim."
"The order has been cancelled.","Pesanan telah dibatalkan."
"The order has been created.","Pesanan telah dibuat."
"The order has been put on hold.","Pesanan telah ditunda."
"The order has been released from holding status.","Pesanan telah dilepaskan dari status tertunda."
"The order has not been cancelled.","Pesanan tidak dibatalkan."
"The order status has been assigned.","Status pesanan telah ditetapkan."
"The order status has been saved.","Status pesanan telah disimpan."
"The order status has been unassigned.","Status pesanan belum ditetapkan."
"The order was not put on hold.","Pesanan tidak ditunda."
"The order was not unheld.","Pesanan tidak ditahan."
"The order was placed using %s","Pesanan ditempatkan menggunakan %s"
"The order(s) cannot be canceled","Pesanan(beberapa) tidak dapat dibatalkan"
"The payment has been accepted.","Pembayaran telah diterima."
"The payment has been denied.","Pembayaran telah ditolak."
"The payment has been voided.","Pembayaran telah dibatalkan."
"The profile has been updated.","Profil telah diperbarui."
"The profile has no changes.","Profil tidak ada perubahan."
"The profile state has been updated.","Kondisi profil telah diperbarui."
"The quantity you want to add exceeds the total shipped quantity for some of selected Product(s)","Kuantitas yang ingin Anda tambahkan melebihi jumlah yang dikirim untuk beberapa Produk yang dipilih"
"The requested Payment Method is not available.","Metode Pembayaran yang diminta tidak tersedia."
"The shipping label has been created.","Label pengiriman telah dibuat."
"The transaction ""%s"" (%s) is already closed.","Transaksi ""%s"" (%s) telah ditutup."
"The transaction ""%s"" cannot be captured yet.","Transaksi ""%s"" belum dapat ditangkap."
"The value that you entered is not valid.","Nilai yang Anda masukkan tidak valid."
"There are no billing agreements yet.","Belum ada perjanjian penagihan."
"There are no printable documents related to selected orders.","Tidak ada dokumen yang dapat dicetak yang terkait dengan pesanan yang dipilih."
"There are no shipping labels related to selected orders.","Tidak ada label pengiriman yang terkait dengan pesanan yang dipilih."
"There are no shipping labels related to selected shipments.","Tidak ada label pengiriman yang terkait dengan pengiriman yang dipilih."
"There is no need to approve this payment.","Tidak perlu menyetujui pembayaran ini."
"There is no need to deny this payment.","Tidak perlu menyangkal pembayaran ini."
"There is no update for the payment.","Tidak ada pembaruan untuk pembayaran."
"This message will be shown in shopping cart when subtotal after discount less than minimum amount.","Pesan ini akan ditampilkan di troli bila subtotal setelah diskon kurang dari jumlah minimal."
"This operation requires an existing transaction object.","Operasi ini membutuhkan objek transaksi yang ada."
"This order contains (%s) items and therefore cannot be edited through the admin interface at this time, if you wish to continue editing the (%s) items will be removed, the order will be canceled and a new order will be placed.","Pesanan ini berisi item (%s) dan oleh karena itu tidak dapat diedit melalui antarmuka admin saat ini, Jika Anda ingin terus mengedit (%s) item akan dihapuskan, pesanan akan dibatalkan dan pesanan baru akan ditempatkan."
"This order no longer exists.","Pesanan ini tidak lagi ada."
"This product does not have any configurable options","Produk ini tidak memiliki pilihan yang dapat dikonfigurasi"
"This profile state cannot be changed to ""%s"".","Kondisi profil ini tidak dapat diubah ""%s""."
"This will create an offline refund. To create an online refund, open an invoice and create credit memo for it. Do you wish to proceed?","Ini akan membuat pengembalian secara offline. Untuk membuat pengembalian secara online, buka faktur dan buat kredit memo. Apakah Anda ingin melanjutkan?"
"Tier Pricing","Tingkat Harga"
"Title","Judul"
"To","Kepada"
"To Name","Kepada Nama"
"To:","Kepada:"
"Total","Total"
"Total %d product(s)","Total %d produk(beberapa)"
"Total (ex)","Total (tidak termasuk)"
"Total (inc)","Total (termasuk)"
"Total Due","Total Jatuh Tempo"
"Total Invoiced","Total Terfaktur"
"Total Invoiced Paid","Total Faktur Dibayar"
"Total Invoiced VS Paid Report","Total Terfaktur VS Laporan Dibayar"
"Total Invoiced not Paid","Total Faktur tidak Dibayar"
"Total Ordered Report","Total Laporan Pemesanan"
"Total Paid","Total Dibayar"
"Total Qty","Total Kuantitas"
"Total Refund","Total Pengembalian"
"Total Refunded","Total Dikembalikan"
"Total Refunded Report","Total Laporan Dikembalikan"
"Total Sales Shipping","Total Penjualan Pengiriman"
"Total Shipped Report","Total Laporan Kiriman"
"Total Shipping","Total Pengiriman"
"Total Shipping Charges","Total Biaya Pengiriman"
"Total Tax","Total Pajak"
"Total Weight","Total Berat"
"Total model should be extended from Mage_Sales_Model_Order_Total_Abstract.","Model total harus diperpanjang dari Mage_Sales_Model_Order_Total_Abstract."
"Track Order","Lacak Pesanan"
"Track all shipment(s)","Lacak seluruh pengiriman"
"Track all shipments","Lacak seluruh pengiriman"
"Track this shipment","Lacak pengiriman ini"
"Track your order","Lacak pengiriman Anda"
"Tracking","Melacak"
"Tracking Number","Nomor Pelacakan"
"Tracking Number(s):","Nomor(beberapa) Pelacakan:"
"Transaction ""%s"" was already processed.","Transaksi ""%s"" telah diproses."
"Transaction # %s | %s","Transaksi # %s | %s"
"Transaction ID","ID Transaksi"
"Transaction ID must not be empty.","ID Transaksi tidak boleh kosong."
"Transaction ID: ""%s"".","ID Transaksi: ""%s""."
"Transaction Type","Tipe Tranksasi"
"Transactions","Transaksi"
"Trial ","Percobaan "
"Trial Payment","Pembayaran Percobaan"
"Trial Period","Periode Percobaan"
"Trial period payment","Pembayaran periode percobaan"
"Type","Tipe"
"Unassign","Batalkan Penetapan"
"Unhold","Lepaskan"
"Unhold action is not available.","Tindakan pelapasan tidak tersedia."
"Unhold order","Lepaskan Pesanan"
"Unknown State","Kondisi Tidak diketahui"
"Unknown Status","Status Tidak diketahui"
"Unsupported transaction type ""%s"".","Tipe transaksi tidak didukung ""%s""."
"Update Changes","Perbarui Perubahan"
"Update Items and Qty\'s","Perbarui Item dan Kuantitas"
"Update Qty\'s","Perbarui Kuantitas"
"Updated At","Diperbarui Pada"
"Updated:","Diperbarui:"
"Use Aggregated Data (beta)","Gunakan Data Gabungan (beta)"
"Use Order Status As Default","Gunakan Status Pesanan Sebagai Standar"
"Validate Each Address Separately in Multi-address Checkout","Validasi Setiap Alamat secara Terpisah di Multi-alamat Checkout"
"Value","Nilai"
"View","Lihat"
"View All","Lihat Semua"
"View Another Order","Lihat Pesanan Lain"
"View Order","Lihat Pesanan"
"Visible on Frontend","Terlihat di Frontend"
"Void","Kosong/Batal"
"Void invoice","Faktur batal"
"Voided authorization.","Otorisasi dibatalkan."
"Website","Website"
"Weight","Berat"
"Whether buyer can define the date when billing for the profile begins.","Apakah pembeli dapat menentukan tanggal saat penagihan untuk profil dimulai."
"Width","Lebar"
"Wishlist","Daftar keinginan"
"Wrong billing agreement ID specified.","ID persetujuan penagihan yang salah ditentukan."
"Wrong quote item id to update configuration.","Salah meng-quote id item untuk memperbarui konfigurasi."
"Wrong state: ""%s"".","Kondisi Salah: ""%s""."
"Yes","Ya"
"You can leave a box blank if you don\'t wish to add a gift message for whole order","Anda dapat membiarkan kotak kosong jika tidak ingin menambahkan pesan hadiah untuk keseluruhan pesanan"
"You don\'t have permissions to manage this order because of one or more products are not permitted for your website.","Anda tidak memiliki izin untuk mengelola pesanan ini karena satu atau beberapa produk tidak diizinkan untuk situs web Anda."
"You have placed no orders.","Anda tidak menempatkan pesanan."
"You will be redirected to the payment system website.","Anda akan diarahkan ke website sistem pembayaran."
"Your credit card will be charged for","Kartu kredit Anda akan dikenakan biaya untuk"
"ZIP/Post Code","Kode Pos"
"Zip/Postal Code","Kode Pos"
"cm","cm"
"in","in"
"kg","kg"
"lb","lb"
"the credit memo email is not sent","Email kredit memo tidak terkirim"
"the credit memo email was sent","Email kredit memo telah dikirim"
"the invoice email is not sent","Email faktur tidak terkirim"
"the invoice email was sent","Email faktur telah terkirim"
"the order confirmation email is not sent","Email konfirmasi pesanan tidak terkirim"
"the order confirmation email was sent","Email konfirmasi pesanan telah terkirim"
"the shipment email is not sent","Email pengiriman tidak terkirim"
"the shipment email was sent","Email pengiriman telah terkirim"
