"# of Use","# Penggunaan"
"%1$s incl tax.","%1$s termasuk pajak."
"%s - %s","%s - %s"
"%s Item(s)","%s Item(s)"
"%s and above","%s dan diatas"
"(%d)","(%d)"
"(Copy data from: %s)","(Salin data dari: %s)"
"* Required Fields","* Field Wajib"
"-- Please Select --","-- Silahkan Pilih --"
"86400 by default, if not set. To refresh instantly, Clear the Blocks HTML Output Cache.","86400 secara default, jika tidak di set. Untuk segera disegarkan, Bersihkan Cache Keluaran Block HTML."
"<strong style=""color:red"">Warning!</strong> Applying MAP by default will hide all product prices on the frontend.","<strong style=""color:red"">Peringatan!</strong> Menerapkan MAP sebagai default akan menyembunyikan seluruh harga pada frontend."
"A group with the same name already exists.","Grup dengan nama yang sama sudah ada."
"A name is required","Sebuah nama diperlukan"
"A product type is not defined for the indexer.","Jenis produk tidak ditentukan untuk pengindeks."
"ALL GROUPS","SELURUH GRUP"
"AM","AM"
"Action","Tindakan"
"Actual Price","Harga Sebenarnya"
"Add","Tambahkan"
"Add Attribute","Menambahkan Atribut"
"Add Design Change","Menambahkan Perubahan Design"
"Add Group","Tambahkan Grup"
"Add Group Price","Tambahkan Harga Grup"
"Add New","Tambahkan Baru"
"Add New Attribute","Tambahkan Atribut Baru"
"Add New Attribute Set","Tambahkan Set Atribut Baru"
"Add New Group","Tambahkan Grup Baru"
"Add New Images","Tambahkan Gambar Baru"
"Add New Option","Tambahkan Opsi Baru"
"Add New Row","Tambahkan Baris Baru"
"Add New Search Term","Tambahkan Istilah Pencarian baru"
"Add New Set","Tambahkan Set Baru"
"Add Product","Tambahkan Produk"
"Add Product To Websites","Tambahkan Produk ke Websites"
"Add Root Category","Tambahkan Sumber Kategori"
"Add Subcategory","Tambahkan Subkategori"
"Add Tax","Tambahkan Pajak"
"Add Tier","Tambahkan Tingkatan"
"Add attribute into attribute set","Tambahkan atribut kedalam set atribut"
"Add group into attribute set","Tambahkan grup kedalam set atribut"
"Add new custom option into product","Tambahkan Opsi custom baru kedalam produk"
"Add new values into custom option","Tambahkan nilai baru kedalam opsi custom"
"Add option","Tambahkan Opsi"
"Add to Cart","Tambahkan ke Kantung Belanja"
"Add to Compare","Tambahkan ke Perbandingan"
"Add to Wishlist","Tambahkan ke Daftar Permohonan"
"Additional Information","Informasi Tambahan"
"Alert Urls","Siaga Urls"
"All","Seluruh"
"All Product Types","Seluruh Tipe Produk"
"All Websites","Seluruh Website"
"All products","Seluruh produk"
"All products - recently added products, New products - products marked as new","Seluruh produk - produk yang baru ditambahkan, Produk baru - produk ditandai sebagai produk baru"
"All products of this set will be deleted! Are you sure you want to delete this attribute set?","Seluruh produk dari set ini akan terhapus! Anda yakin ingin menghapus set atribut ini?"
"Allow All Products per Page","Izinkan semua produk per halaman"
"Allow Dynamic Media URLs in Products and Categories","Izinkan URL Media Dinamis dalam Kategori dan Produk"
"Allow HTML Tags on Frontend","Izinkan Tag HTML pada Frontend"
"Allowed File Extensions","File Ekstensi yang Diizinkan"
"Allowed file extensions to upload","Izinkan ekstensi file di unggah"
"An error occurred while adding products to websites.","Terjadi kesalahan ketika menambahkan produk ke website."
"An error occurred while clearing comparison list.","Terjadi kesalahan ketika membersihkan daftar perbandingan."
"An error occurred while deleting this review.","Terjadi kesalahan ketika menghapus ulasan ini."
"An error occurred while removing products from websites.","Terjadi kesalahan ketika menghapus produk dari websites."
"An error occurred while saving the URL rewrite","Terjadi kesalahan ketika menyimpan URL rewrite"
"An error occurred while saving the attribute set.","Terjadi kesalahan ketika menyimpan set atribut."
"An error occurred while saving the collection, aborting. Error message: %s","Terjadi kesalahan ketika menyimpan koleksi, batalkan. Pesan kesalahan: %s"
"An error occurred while saving the product. ","Terjadi kesalahan ketika menyimpan produk. "
"An error occurred while saving the search query.","Terjadi kesalahan ketika menyimpan permintaan pencarian."
"An error occurred while saving this group.","Terjadi kesalahan ketika menyimpan grup ini."
"An error occurred while saving this review.","Terjadi kesalahan ketika menyimpan ulasan ini."
"An error occurred while trying to delete the category.","Terjadi kesalahan ketika mencoba menghapus kategori."
"An error occurred while updating the product(s) attributes.","Terjadi kesalahan ketika memperbarui atribut produk(s)."
"An error occurred while updating the product(s) status.","Terjadi kesalahan ketika memperbarui status produk(s)."
"An invalid group ID is specified, skipping the record.","ID grup yang tidak valid ditentukan, arsip dilewati."
"An invalid option ID is specified for %s (%s), skipping the record.","ID opsi yang tidak valid ditentukan untuk %s (%s), arsip dilewati."
"An invalid store was specified.","Toko yang tidak valid ditentukan."
"Anchor Custom Text","Anchor Teks Custom"
"Anchor Custom Title","Anchor Judul Custom"
"Applicable to catalog products and categories only. Any media content will be inserted into editor as a static URL. It is not updated if the system configuration base URL changes.","Berlaku hanya untuk katalog produk dan kategori. Setiap konten media akan dimasukan kedalam editor sebagai URL statis. Tidak akan terupdate jika dasar konfigurasi sistem URL berubah."
"Apply MAP (Default Value)","Terapkan MAP (Nilai Default)"
"Apply To","Terapkan Ke"
"Approved","Disetujui"
"Are you sure you want to delete this category?","Anda yakin ingin menghapus kategori ini?"
"Are you sure you would like to remove all products from your comparison?","Anda yakin ingin menghapus semua produk dari perbandingan?"
"Are you sure you would like to remove this item from the compare products?","Apa anda yakin ingin menghapus item ini dari perbandingan produk?"
"Are you sure?","Anda yakin??"
"As low as:","Serendah:"
"Assign","Tetapkan"
"Assign product link","Tetapkan link produk"
"Assign product to category","Tetapkan produk ke kategori"
"Assigned Products","Tetapkan Produk"
"Associated Products","Produk Terkait"
"Attrib. Set Name","Set Nama atribut"
"Attribute ""%s"" is invalid.","Atribut ""%s"" tidak valid."
"Attribute ""%s"" is required.","Atribut ""%s"" wajib."
"Attribute Information","Informasi Atribut"
"Attribute Model","Model Atribut"
"Attribute Name:","Nama Atribut:"
"Attribute Set","Set Atribut"
"Attribute Sets","Set-set Atribut"
"Attribute add","Penambahan atribut"
"Attribute code is invalid. Please use only letters (a-z), numbers (0-9) or underscore(_) in this field, first character should be a letter.","Kode atribut tidak valid. Mohon hanya gunakan huruf (a-z), angka (0-9) atau garisbawah (_) di dalam field ini, karakter pertama diharuskan huruf."
"Attribute group with the \"/name/\" name already exists","Grup atribut dengan \"/nama/\" nama sudah terdata"
"Attribute remove","Hapus atribut
"Attribute with the same code already exists","Atribut dengan kode yang sama sudah ada"
"Attributes","Atribut"
"Attrribute names can be specified per store.","Nama atribut bisa ditentukan per toko."
"Autogenerate","Autogenerate"
"Availability:","Ketersediaan:"
"Back","Kembali"
"Backend Model","Backend Model"
"Backend Table","Backend Tabel"
"Backend Table Title","Judul Backend Tabel"
"Backorders","Backorders"
"Based On","Berdasarkan"
"Before Order Confirmation","Sebelum Konfirmasi Pemesanan"
"Best Value","Nilai Terbaik"
"Block after Info Column","Block setelah Kolom Info"
"Bottom Block Options Wrapper","Opsi Block Bawah Wrapper"
"Bottom/Left","Bawah/Kiri"
"Bottom/Right","Bawah/Kanan"
"Browse By","Jelajahi Dengan"
"Bundle Items","Item Bundle"
"Buy %1$s","Beli %1$s"
"Buy %1$s for","Beli %1$s untuk"
"Buy %1$s for %2$s","Beli %1$s untuk %2$s"
"Buy %1$s for %2$s (%3$s incl. tax) each","Beli %1$s untuk %2$s (%3$s termasuk pajak) masing-masing"
"Buy %1$s for %2$s each","Beli %1$s untuk %2$s masing-masing"
"Cache Lifetime (Seconds)","Cache Seumur hidup (Detik)"
"Cache refresh needed.","Penyegaran cache dibutuhkan."
"Can be Divided into Multiple Boxes for Shipping","Dapat dibagi menjadi beberapa box Untuk pengiriman"
"Can be used only with catalog input type Dropdown","Hanya bisa digunakan dengan input tipe katalog Dropdown"
"Can be used only with catalog input type Dropdown, Multiple Select and Price","Hanya bisa digunakan dengan input tipe katalog Dropdown, Beberapa Pilihan dan Harga"
"Can\'t create image.","Tidak dapat membuat gambar."
"Cancel","Batalkan"
"Cannot create image.","Tidak dapat membuat gambar."
"Cannot create writeable directory '%s'.","Tidak dapat membuat directori yang dapat ditulisi/ubah '%s'."
"Cart Item Attribute","Atribut Item Kantung Belanja"
"Catalog","Katalog"
"Catalog Category (Anchor)","Kategori Katalog (Anchor)"
"Catalog Category (Non-Anchor)","Kategori Katalog (Non-Anchor)"
"Catalog Category (Without Subcategories)","Kategori Katalog (Tanpa Subkategori)"
"Catalog Category Link","Link Kategori Katalog"
"Catalog New Products List","Katalog Daftar Produk Baru "
"Catalog Price Scope","Katalog Lingkup Harga"
"Catalog Product Compare List","Katalog Daftar Perbandingan Produk"
"Catalog Product Email to a Friend","Katalog Produk Email ke Teman"
"Catalog Product Image Gallery Popup","Katalog Produk Popup Galeri gambar"
"Catalog Product Link","Link Katalog Produk"
"Catalog Product View (Any)","Tinjau Katalog Produk (Apapun)"
"Catalog Product View (Configurable)","Tinjau Katalog Produk (Dikonfigurasi)"
"Catalog Product View (Grouped)","Tinjau Katalog Produk (Grup)"
"Catalog Product View (Simple)","Tinjau Katalog Produk (Simple)"
"Catalog Product View (Virtual)","Tinjau Katalog Produk (Virtual)"
"Catalog Section","Bagian Katalog"
"Catalog Seo Sitemap (Category List)","Seo Sitemap Katalog (Daftar Kategori)"
"Catalog Seo Sitemap (Category Tree)","Seo Sitemap Katalog (Turunan Kategori)"
"Catalog Seo Sitemap (Common)","Seo Sitemap Katalog (Umum)"
"Catalog Seo Sitemap (Product List)","Seo Sitemap Katalog (Daftar Produk)"
"Catalog URL Rewrites","URL Rewrites Katalog"
"Catalog product custom option values API","Katalog Nilai Opsi Custom Produk API"
"Catalog product custom options API","Katalog Opsi Custom Produk API"
"Catalog, Search","Katalog, Pencarian"
"Categories","Kategori"
"Categories Sitemap","Kategori Sitemap"
"Category","Kategori"
"Category API","Kategori API"
"Category Data","Kategori Data"
"Category Flat Data","Kategori Flat Data"
"Category Link Block Template","Kategori Link Block Template"
"Category Link Inline Template","Kategori Link Inline Template"
"Category Products","Kategori Produk"
"Category Top Navigation","Kategori Navigasi Atas"
"Category URL Suffix","Kategori Akhiran URL"
"Category attributes API","Kategori API Atribut"
"Category move error","Kategori kesalahan langkah"
"Category move error %s","Kategori kesalahan pergerakan %s"
"Category move operation is not possible: parent category is equal to child category.","Operasi pergerakan kategori tidak memungkinkan: parent kategori setara dengan child kategori."
"Category move operation is not possible: the current category was not found.","Operasi pergerakan kategori tidak memungkinkan: kategori saat ini tidak ditemukan."
"Category move operation is not possible: the new parent category was not found.",Operasi pergerakan kategori tidak memungkinkan: parent kategori baru tidak ditemukan."
"Category must be an instance of Mage_Catalog_Model_Category.","Kategori harus merupakan instansi dari Mage_Catalog_Model_Category."
"Center","Pusat"
"Change","Ubah"
"Change or Retrieve attribute store view","Ubah atau Ambil atribut tampilan toko"
"Change status","Ganti status"
"Check items to add to the cart or","Centang item untuk ditambahkan kedalam kantung belanja atau"
"Choose an Option...","Pilih Opsi..."
"Clear All","Bersihkan Semua"
"Clear Price","Bersihkan Harga"
"Click for price","Klik untuk Harga"
"Close Window","Tutup Jendela"
"Collapse All","Tutup Semua"
"Comma-separated.","Dipisahkan-koma."
"Comparable","Sebanding"
"Comparable on Front-end","Disebandingkan pada Front-end"
"Comparable on the Frontend","Disebandingkan pada Frontend"
"Compare","Bandingkan"
"Compare Products","Bandingkan Produk"
"Conditions Combination","Kondisi Kombinasi"
"Configurable Product","Konfigurasi Produk"
"Configurable Product Settings","Konfigurasi Pengaturan Produk"
"Configure Product","Konfigurasi Produk"
"Continue","Lanjutkan"
"Copy From Configurable","Salin dari Konfigurasi"
"Country/State","Negara"
"Create","Buat"
"Create (Upload)","Buat (Unggah)"
"Create Empty","Buat Kosong"
"Create Permanent Redirect for URLs if URL Key Changed","Buat Pengalihan Permanen untuk URLs jika URL Key Berubah"
"Create Permanent Redirect for old URL","Buat Pengalihan Permanen untuk URL lama"
"Create Product Settings","Buat Pengaturan Produk"
"Create Simple Associated Product","Buat Produk Terkait yang Sederhana"
"Create attribute set based on another set","Buat set atribut berdasar lain"
"Create new attribute","Buat atribut baru"
"Create new category","Buat kategori baru"
"Create new product","Buat produk baru"
"Cross-sells","Cross-sells"
"Currently Shopping by:","Saat ini Belanja oleh:"
"Custom Design","Design Custom"
"Custom Options","Opsi Custom"
"Custom options","Opsi custom"
"Customer Group","Grup Pelanggan"
"Customers Reviews","Ulasan Pelanggan"
"Customers Tagged Product","Produk yang Ditandai Pelanggan"
"Data Type for Saving in Database","Tipe Data untuk Menyimpan dalam Database"
"Date & Time Custom Options","Waktu & Tanggal Opsi Custom"
"Date Fields Order","Fields Tanggal Pesanan"
"Date Subscribed","Tanggal Berlangganan"
"Datetime","Tanggal Waktu"
"Decimal","Desimal"
"Declare attribute value saving scope","Deklarasikan lingkup penyimpanan nilai atribut"
"Default ""What's This"" Text Message","Standar ""Apa Ini"" Pesan Teks"
"Default Popup Text Message","Standar Popup Teks Pesan"
"Default Price","Standar Harga"
"Default Price Navigation Step","Standar Langkah Navigasi Harga"
"Default Qty","Kondisi awal Qty"
"Default Values","Nilai Awal"
"Defines the base currency scope (""Currency Setup"" > ""Currency Options"" > ""Base Currency"").","Definisikan dasar lingkup mata uang (""Penyiapan mata uang"" > ""Opsi Mata uang"" > ""Mata uang dasar"")."
"Delete","Hapus"
"Delete Attribute","Hapus Atribut"
"Delete Attribute Set","Hapus Set Atribut"
"Delete Category","Hapus Kategori"
"Delete Group Price","Hapus Grup Harga"
"Delete Option","Hapus Opsi"
"Delete Row","Hapus Baris"
"Delete Search","Hapus Pencarian"
"Delete Selected Group","Hapus Grup yang Terpilih"
"Delete Tier","Hapus Tingkatan"
"Delete attribute","Hapus atribut"
"Delete category","Hapus kategori"
"Delete product","Hapus produk"
"Depends on design theme","Bergantung pada tema design"
"Design","Design"
"Details","Detail"
"Disabled","Dimatikan"
"Disallowed file type.","Tipe file yang tidak diizinkan."
"Display Actual Price","Tampilkan harga sebenarnya"
"Display Page Control","Tampilkan Kontrol Halaman"
"Display Price Interval as One Price","Tampilkan Jenjang Harga sebagai Satu Harga"
"Display Product Count","Tampilkan Perhitungan Produk "
"Display Type","Tipe Tampilan"
"Display in Suggested Terms","Tampilan pada Istilah yang Disarankan"
"Double click on a group to rename it","Double klik pada grup untuk mengubah nama"
"Double click on above image to view full picture","Double klick pada gambar diatas untuk melihat gambar utuh"
"Downloadable Information","Informasi yang bisa Diunduh"
"Duplicate","Salin"
"Duplicate website group price customer group.","Salin website grup harga di group pelanggan."
"Duplicate website tier price customer group and quantity.","Salin website tingkatan harga grup pelanggan dan kuantitas."
"Duplicate website, country and state tax found.","Salin website, pajak negara ditemukan."
"E.g. {{media url=""path/to/image.jpg""}} {{skin url=""path/to/picture.gif""}}. Dynamic directives parsing impacts catalog performance.","E.g. {{media url=""path/to/gambar.jpg""}} {{skin url=""path/to/gambar.gif""}}. Arahan dinamis menguraikan dampak kinerja katalog."
"Edit","Edit"
"Edit Attribute Set '%s'","Edit Set Atribut '%s'"
"Edit Product Attribute","Edit Atribut Produk"
"Edit Product Attribute ""%s""","Edit Atribut Produk ""%s"""
"Edit Search","Edit Pencarian"
"Edit Search '%s'","Edit Pencarian '%s'"
"Edit Set Name","Edit Nama Set"
"Email","Email"
"Email to a Friend","Email ke Teman"
"Empty","Kosong"
"Enable MAP","Nyalakan MAP"
"Enable Qty Increments","Nyalakan kenaikan Qty"
"Enable WYSIWYG","Nyalakan WYSIWYG"
"Enable for reindexing a big number of SKUs.","Nyalakan untuk mengindeks sejumlah besar SKUs."
"Enabled","Diaktifkan"
"Error during retrieval of option value: %s","Kesalahan selama pengambilan nilai opsi: %s"
"Exclude","Pengecualian"
"Expand All","Mengembangkan Semua"
"Failed","Gagal"
"Failed to copy file %s. Please, delete media with non-existing images and try again.","Gagal menyalin file %s. Mohon, hapus media yang memiliki gambar yang tidak ada dan coba lagi."
"Failed to move file: %s","Gagal memindahkan file: %s"
"Feature Products","Fitur Produk"
"Field is not complete","Field tidak lengkap"
"File options format is not valid.","Format opsi file tidak valid."
"File upload failed","Gagal menggunggah file"
"Filter model name must be declared.","Nama model filter harus dinyatakan."
"Filter must be an object. Please set correct filter.","Filter haruslah sebuah obyek. mohon set filter yang tepat."
"Filterable (no results)","Dapat difilter (tidak ada hasil)"
"Filterable (with results)","Dapat difilter (dengan hasil)"
"First Name","Nama Depan"
"Fixed","Disesuaikan"
"For internal use.","Untuk penggunaan pribadi."
"For the last time placed.","Untuk terakhir kalinya ditempatkan."
"Frontend","Frontend"
"Frontend Model","Model Frontend"
"Frontend Properties","Properti Frontend"
"Gallery","Galeri"
"General Information","Informasi Umum"
"Get full information about attribute with list of options","Dapatkan informasi penuh mengenai attribute dengan daftar opsi"
"Get full information about custom option in product","Dapatkann informasi penuh mengenai opsi custom dalam produk"
"Get list of available custom option types","Dapatkan daftar tipe opsi custom yang tersedia"
"Get list of non-default attributes by product type and attributes set","Dapatkan Daftar bukan atribut awal oleh tipe produk dan set atribut"
"Get list of possible attribute types","Dapatkan daftar kemungkinan tipe atribut"
"Get special price","Dapatkan harga spesial"
"Global","Global"
"Globally Editable","Dapat diedit secara Global"
"Go to Home Page","Menuju ke Halaman Utama"
"Grid","Grid"
"Group add","Tambah grup"
"Group remove","Hapus grup"
"Grouped Product","Produk ter-grup"
"Groups","Grup"
"Home","Utama"
"ID","ID"
"ID: %s","ID: %s"
"If empty, the Category Name will be used","Jika kosong, Nama kategori akan digunakan"
"If empty, the Product Name will be used","Jika kosong, Nama produk akan digunakan"
"If you do not specify an option value for a specific store view then the default (Admin) value will be used.","Jika anda tidak menentukan nilai opsi untuk tampilan toko tertentu maka nilai awal (Admin) akan digunakan."
"Image","Gambar"
"Image content is not valid base64 data.","Konten Gambar bukanlah data base64 yang valid."
"Image does not exist.","Gambar tidak ada."
"Image file was not found.","File gambar tidak ditemukan."
"Image type and information need to be specified for each store view.","Tipe gammbar dan informasi butuh ditentukan untuk masing-masing tampilan toko."
"In Cart","Dalam Kantung Belanja"
"In Stock","Dalam Stok"
"In stock","Dalam Stok"
"Incl. Tax","Termasuk Pajak"
"Index product and categories URL rewrites","Indeks pkategori dan produk URL rewrites"
"Index product attributes for layered navigation building","Indeks atribut produk untuk pendirian navigasi berlapis"
"Index product prices","Indeks harga produk"
"Indexed category/products association","Gabungan kategori/produk terindeks"
"Info","Info"
"Info Column Options Wrapper","Kolom info opsi Wrapper"
"Input Type","Tipe Masukan"
"Integer","Integer"
"Interval Division Limit","Batas Jeda Divisi"
"Invalid Tier Prices","Tingkatan Harga Tidak Valid"
"Invalid attribute %s","Atribut tidak valid %s"
"Invalid attribute option specified for attribute %s (%s), skipping the record.","Opsi atribut tidak valid ditentukan untuk atribut %s (%s), arsip dilewati."
"Invalid attribute set specified, skipping the record.","Atribut set yang ditentukan tidak valid, arsip dilewati."
"Invalid block: %s.","Block tidak valid: %s."
"Invalid category IDs.","ID kategori tidak valid."
"Invalid category.","Kategori tidak valid."
"Invalid image file type.","Tipe file gambar tidak valid."
"Invalid image type.","Tipe gambar tidak valid."
"Invalid option ID specified for %s (%s), skipping the record.","Opsi ID yang tidak valid ditetapkan untuk %s (%s), arsip dilewati."
"Invalid product type specified, skipping the record.","Tipe produk tidak valid ditetapkan, arsip dilewati."
"Invalid store specified","Ketidak validan toko ditentukan"
"Invalid store specified, skipping the record.","Ketidak validan toko ditentukan, arsip dilewati."
"Invalid tier prices. The product is not associated to the requested website.","Tingkatan harga tidak valid. Produk tidak terhubung pada permintaan website."
"Inventory","Persediaan"
"Is Default","Kondisi Awal"
"Is Required","Wajib"
"Items %s to %s of %s total","Item %s ke %s dari %s total"
"Items that you do not want to show in the catalog or search results should have status 'Disabled' in the desired store.","Item yang tidak ingin anda tunjukan di katalog atau hasil pencarian harus memiliki status 'Dimatikan' pada toko yang diinginkan."
"Items that you don't want to show in the catalog or search results should have status 'Disabled' in the desired store.","Item yang tidak ingin anda tunjukan di katalog atau hasil pencarian harus memiliki status 'Dimatikan' pada toko yang diinginkan."
"Keep your eyes open for our special Back to School items and save A LOT!","Ikuti perkembangan untuk item spesial Kembali ke Sekolah kami dan hemat BANYAK!"
"Label","Label"
"Last Name","Nama Belakang"
"Last Notification","Notifikasi Terakhir"
"Layered Navigation","Navigasi Berlapis"
"Learn More","Pelajari Lebih Banyak"
"Line %d, Email: %s","Baris %d, Email: %s"
"Line %d, SKU: %s","Baris %d, SKU: %s"
"Link (Related, Up sell, Cross sell)","Link (Terkait, Up sell, Cross sell)"
"Link product does not exist.","Link produk tidak ada."
"Link to a Specified Category","Link menuju kategori tertentu"
"Link to a Specified Product","Link menuju produk tertentu"
"List","Daftar"
"List Mode","Mode Daftar"
"List of Products that are set as New","Daftar Produk yang diset sebagai Produk Baru"
"List of types","Daftar Tipe"
"Manage Attribute Sets","Kelola Set Atribut"
"Manage Attributes","Kelola Atribut-atribut"
"Manage Catalog Categories","Kelola Kategori Katalog"
"Manage Categories","Kelola Kategori"
"Manage Label / Options","Kelola Label / Opsi"
"Manage Options (values of your attribute)","Kelola Opsi (Nilai dari atribut anda)"
"Manage Product Attributes","Kelola Atribut Produk"
"Manage Product Sets","Kelola Set Produk"
"Manage Products","Kelola Produk-produk"
"Manage Stock","Kelola Stok"
"Manage Titles (Size, Color, etc.)","Kelola Judul (Ukuran, Warna, dsb.)"
"Max Characters","Maksimal Karakter"
"Maximal Depth","Kedalaman Maksimal"
"Maximum Image Size","Ukuran Gambar Maksimal"
"Maximum Number of Price Intervals","Jumlah Selang Harga Maksimal"
"Maximum Qty Allowed in Shopping Cart","Qty Maksimal yang Dibolehkan pada Kantung Belanja"
"Maximum allowed image size for '%s' is %sx%s px.","Maksimal ukuran gambar yang diperbolehkan untuk '%s' adalah %sx%s px."
"Maximum image height","Tinggi maksimal gambar"
"Maximum image width","Lebar Maksimal gambar"
"Maximum number of characters:","Jumlah maksimal karakter:"
"Maximum number of price intervals is 100","Maksimal jumlah selang harga adalah 100"
"Media Image","Media Gambar"
"Minimum Advertised Price","Minimal Harga Periklanan"
"Minimum Lines per Page","Baris Minimal per Halaman"
"Minimum Qty Allowed in Shopping Cart","Qty Minimal yang Dibolehkan pada Kantung Belanja"
"Minimum Qty for Item\'s Status to be Out of Stock","Qty Minimal untuk Status Item menjadi Persediaan Habis"
"Missing SKU, skipping the record.","SKU Hilang, Arsip dilewati."
"More Views","Tinjau Lainnya"
"Move","Pindahkan"
"Move category in tree","Pindahkan Kategori pada tree"
"Must be in the allowed values list.","Harus berada pada daftar nilai yang diizinkan."
"N/A","Tidak Tersedia"
"Name","Nama"
"Name in %s","Nama pada %s"
"New Product","Produk Baru"
"New Product Attribute","Atribut Produk Baru"
"New Products","Produk baru"
"New Products Grid Template","Template Grid Produk Baru"
"New Products List Template","Daftar Template Produk Baru"
"New Root Category","Kategori Sumber Baru"
"New Search","Pencarian Baru"
"New Set Name","Set Nama Baru"
"New Subcategory","Subkategori Baru"
"New products","Produk Baru"
"Next","Selanjutnya"
"No","Tidak ada"
"No image","Tidak ada Gambar"
"No layout updates","Tidak ada perbaharuan tampilan"
"No options of this product are available.","Tidak ada opsi tersedia untuk produk ini."
"No product collections found.","Tidak ada kumpulan produk ditemukan."
"None","Tidak ada"
"Not Visible Individually","Tidak Terlihat Secara Individu"
"Notify Low Stock RSS","Beritahu Stok Sedikit RSS"
"Notify for Quantity Below","Beritahu Kuantitas Di bawah"
"Number of Products per Page","Jumlah Produk per Halaman"
"Number of Products to Display","Jumlah Produk yang akan Ditampilkan"
"Number of Uses","Jumlah Penggunaan"
"Number of results","Jumlah Hasil"
"Number of results (For the last time placed)","Jumlah hasi; (Untuk terakhir kali ditempatkan)"
"OK","OK"
"OR","ATAU"
"Old Price:","Harga Lama:"
"On Gesture","Pada Gesture"
"Option validation failed to add product to cart.","Terjadi kegagalan memvalidasi Opsi untuk menambahkan produk kedalam kantung belanja."
"Option values","Nilai Opsi"
"Option:","Opsi:"
"Options","Opsi"
"Options Control","Kontol Opsi"
"Options is required","Opsi diwajibkan"
"Our customer service is available 24/7. Call us at (555) 555-0123.","Layanan Pelanggan kami tersedia selama 24/7. Hubungi kami pada (555) 555-0123."
"Out of Stock","Persediaan Habis"
"Out of stock","Persediaan habis"
"PM","PM"
"Page Title Separator","Pemisah Judul Halaman"
"Parent Category","Parent Kategori"
"Pending","Tunda"
"Pending Reviews RSS","Tunda Ulasan RSS"
"Percentage","Persentasi"
"Please add rows to option.","Tambahkan baris pada opsi."
"Please be careful as once you click on the row it will load package data form the selected file and all unsaved form data will be lost.","Dimohon untuk berhati-hati karena sekali anda mengklik baris akan kemudian memuat paket data dari file yang dipilih dan semua form yang tidak di save akan hilang."
"Please click on the Close Window button if it is not closed automatically.","Mohon klik pada tombol tutup jendela jika tidak tertutup secara otomatis."
"Please enter a new group name","Silahkan masukan nama grup"
"Please refresh ""Catalog URL Rewrites"" and ""Product Attributes"" in System -&gt; <a href=""%s"">Index Management</a>","Mohon segarkan ""Katalog URL Rewrites"" dan ""Produk Atribut"" dalam sistem -&gt; <a href=""%s"">Kelola Indeks</a>"
"Please select a static block ...","Silahkan pilih block statis ..."
"Please select items.","Silahkan pilih item."
"Please select one or more attributes.","Silahkan pilih satu atau lebih atribut."
"Please select product(s).","Silahkan pilih produk(s)."
"Please select products for attributes update","Silahkan tentukan produk untuk pembaharuan atribut"
"Please specify date required option(s).","Silahkan tentukan tanggal opsi wajib(s)."
"Please specify the number of products, that will not be divided into subintervals.","Silahkan tentukan jumlah produk, yang tidak akan terbagi kedalam subinterval."
"Please specify the product required option(s)","Silahkan tentukan opsi produk wajib(s)"
"Please specify the product required option(s).","Silahkan tentukan opsi produk wajib(s)."
"Please specify the product\'s option(s).","Silahkan tentukan opsi produk(s)."
"Please specify the product\'s required option(s).","Silahkan tentukan opsi produk wajib(s)."
"Please specify the quantity of product(s).","Silahkan tentukan kuantitas produk(s)."
"Please specify time required option(s).","Silahkan tentukan opsi waktu wajib(s)."
"Please wait...","Mohon tunggu..."
"Position","Posisi"
"Position in Layered Navigation","Posisi pada Navigasi Berlapis"
"Position of attribute in layered navigation block","Posisi dari atribut dalam block navigasi berlapis"
"Prev","Sebelumnya"
"Previous","Sebelumnya"
"Price","Harga"
"Price Navigation Step Calculation","Perhitungan Langkah Navigasi Harga"
"Price Type","Tipe Harga"
"Price is not available","Harga tidak tersedia"
"Price values for options should be specified in system base currency.","Nilai Harga untuk opsi haruskan ditentukan dalam sistem mata uang dasar."
"Price:","Harga:"
"Price: %s","Harga: %s"
"Print This Page","Cetak Halaman Ini"
"Product","Produk"
"Product API","Produk API"
"Product Alerts","Peringatan Produk"
"Product Attribute","Produk Atribut"
"Product Attributes","Produk Atribut"
"Product Categories","Kategori Produk"
"Product Description","Deskripsi Produk"
"Product Extra Info","Info Produk Tambahan"
"Product Flat Data","Data Flat Produk"
"Product ID","ID Produk"
"Product Image Placeholders","Tempat Gambar Produk"
"Product Image Watermarks","Watermark Gambar Produk"
"Product Images","Gambar Produk"
"Product Images API","Gambar Produk API"
"Product In Websites","Produk pada Website"
"Product Info Column","Kolom Info Produk"
"Product Information","Informasi Produk"
"Product Link Block Template","Template Block Link Produk"
"Product Link Inline Template","Template Inline Link Produk"
"Product Listing Sort by","Pengurutan Daftar Produk"
"Product Name","Nama Produk"
"Product Prices","Harga Produk"
"Product Reviews","Tinjauan Produk"
"Product Tags","Tag Produk"
"Product Tier Price API","Tingkatan harga Produk API"
"Product Type","Tipe Produk"
"Product URL Suffix","Produk Akhiran URL"
"Product View Extra Hint","Petunjuk Tambahan Tinjauan Produk"
"Product attribute sets API","Set atribut produk API"
"Product attributes API","Atribut produk API"
"Product collection expected.","Kumpulan Produk Diharapkan."
"Product is not loaded","Product is not loaded"
"Product links API (related, cross sells, up sells)","Link API Produk (terkait, cross sells, up sells)"
"Product types API","Tipe API Produk"
"Product with this combination of attributes already associated to configurable.","Produk dengan atribut kombinasi telah dihubungkan ke konfigurasi."
"Products","Produk"
"Products Comparison List","Daftar Perbandingan Produk"
"Products Information","Informasi Produk"
"Products Reviews","Ulasan Produk"
"Products Sitemap","Sitemap Produk"
"Products only","Hanya Produk"
"Products per Page on Grid Allowed Values","Produk per Halaman pada Grid Nilai yang Diperbolehkan"
"Products per Page on Grid Default Value","Produk per Halaman pada Grid Nilai Awal"
"Products per Page on List Allowed Values","Produk per Halaman pada Daftar Nilai yang Diperbolehkan"
"Products per Page on List Default Value","Produk per Halaman pada Daftar Nilai Awal"
"Properties","Properti"
"Qty","Qty"
"Qty Increments","Penambahan Qty"
"Qty Uses Decimals","Qty Menggunakan Desimal"
"Qty for Item\'s Status to Become Out of Stock","Qty untuk Status Item Menjadi Kehabisan Persediaan"
"Qty:","Qty:"
"Quantity","Kuantitas"
"Quick Create","Buat secara Cepat"
"Quick Overview","Tinjau secara Cepat"
"Quick simple product creation","Buat Simple Produk secara Cepat"
"Records for ""%s"" store found.","Arsip untuk ""%s"" toko ditemukan."
"Redirect","Alihkan"
"Redirect URL","Alihkan URL"
"Regular Price:","Harga Awal:"
"Related Products","Produk Terkait"
"Remove","Hilangkan"
"Remove Product From Websites","Hilangkan Produk Dari Websites"
"Remove This Item","Hilangkan Item Ini"
"Remove attribute from attribute set","Hilangkan atribut dari set atribut"
"Remove attribute set","Hilangkan set atribut"
"Remove custom option","Hilangkan opsi custom"
"Remove group from attribute set","Hilangkan grup dari set atribut"
"Remove option","Hilangkan Opsi"
"Remove product assignment","Hilangkan penetapan produk"
"Remove product image","Hilangkan Gambar Produk"
"Remove product link","Hilangkan Link Produk"
"Remove value from custom option","Hilangkan nilai"
"Rename existing group","Ganti nama grup yang ada"
"Rename group","Ganti nama grup"
"Reorganize EAV category structure to flat structure","Reorganisasikan struktur kategori EAV menjadi struktur flat"
"Reorganize EAV product structure to flat structure","Reorganisasikan struktur produk EAV menjadi struktur flat"
"Reset","Ulang"
"Results","Hasil"
"Retrieve attribute data","Ambil data atribut"
"Retrieve attribute list","Ambil daftar atribut"
"Retrieve attribute options","Ambil opsi atribut"
"Retrieve categories tree","Ambil tree kategori"
"Retrieve category attributes","Ambil atribut kategori"
"Retrieve category data","Ambil data kategori"
"Retrieve hierarchical tree","Ambil Hirarkis tree"
"Retrieve linked products","Ambil produk yang terhubung"
"Retrieve list of assigned products","Ambil daftar dari produk yang ditetapkan"
"Retrieve list of option values","Ambil daftar nilai opsi"
"Retrieve list of product custom options","Ambil daftar produk opsi custom"
"Retrieve one level of categories by website/store view/parent category","Ambil satu tingkat kategori oleh website/toko tinjau/parent kategori"
"Retrieve option value info","Ambil info nilai opsi"
"Retrieve product","Ambil produk"
"Retrieve product attribute sets","Ambil set atribut produk"
"Retrieve product image","Ambil gambar produk"
"Retrieve product image list","Ambil daftar gambar produk"
"Retrieve product image types","Ambil tipe gambar produk"
"Retrieve product link type attributes","Ambil link produk tipe atribut"
"Retrieve product link types","Ambil tipe link produk"
"Retrieve product tier prices","Ambil tingkat harga produk"
"Retrieve product types","Ambil tipe produk"
"Retrieve products data","Ambil data produk"
"Retrieve products list by filters","Ambil daftar produk oleh filter"
"Reviews","Ulasan"
"Roll Over for preview","Roll Over untuk pratinjau"
"Root","Sumber"
"SKU","SKU"
"SKU length should be %s characters maximum.","Panjang SKU diharuskan %s maksimal karakter."
"Save","Simpan"
"Save Attribute","Simpan Atribut"
"Save Attribute Set","Simpan Set Atribut"
"Save Category","Simpan Kategori"
"Save Search","Simpan Pencarian"
"Save and Continue Edit","Simpan dan Lanjut Mengedit"
"Saved %d record(s)","Arsip %d disimpan(s)"
"Scope","Lingkup"
"Scope must not be changed, because the attribute is used in configurable products.","Lingkup tidak boleh diubah, karena atributnya digunakan pada konfigurasi produk."
"Search","Pencarian"
"Search Engine Optimizations","Optimasi Mesin Pencari"
"Search Information","Informasi Pencarian"
"Search Query","Query Pencarian"
"Search Term with such search query already exists.","Istilah pencarian dengan query pencarian seperti itu sudah ada."
"Searchable","Dapat Dicari"
"See price before order confirmation.","Lihat harga sebelum konfirmasi pesanan."
"Select Category...","Pilih Kategori..."
"Select Configurable Attributes ","Pilih Konfigurasi Atribut "
"Select Product...","Pilih Produk..."
"Select type of option","Pilih tipe opsi"
"Select type options required values rows.","Pilih tipe opsi baris nilai yang diwajibkan."
"Selected Product Types","Tipe Produk Terpilih"
"Send Count","Jumlah Kirim"
"Set Ascending Direction","Set Arah secara Naik"
"Set Descending Direction","Set Arah secara Menurun"
"Set Name","Set Nama"
"Set Root Category for Store","Set Kategori Sumber untuk Toko"
"Set root category for this store in the <a href=""%s"">configuration</a>","Set kategori sumber untuk toni ini dalam <a href=""%s"">konfigurasi</a>"
"Set special price","Set harga spesial"
"Set/Get current store view","Set/Dapatkan tampilan toko saat ini"
"Settings","Pengaturan"
"Shop By","Toko Oleh"
"Shopping Options","Opsi Belanja"
"Show","Tampilkan"
"Show Details","Tampilkan Detail"
"Show Tags","Tampilkan Tag"
"Simple Product","Produk Simple"
"Site Map","Site Map"
"Sitemap","Sitemap"
"Skip import row, is not valid value ""%s"" for field ""%s""","Lewati import baris, nilai ""%s"" tidaklah benar untuk field ""%s"""
"Skip import row, required field ""%s"" for the new customer is not defined.","Lewati import baris, field wajib ""%s"" untuk pelanggan baru tidak ditentukan."
"Skip import row, the value ""%s"" is invalid for field ""%s""","Lewati import baris, nilai ""%s"" tidaklah benar untuk field ""%s"""
"Skipping import row, required field ""%s"" for new products is not defined.","Lewati import baris, field wajib ""%s"" untuk produk baru tidak ditentukan."
"Skipping import row, required field ""%s"" is not defined.","Lewati import baris, field wajib ""%s"" tidak ditentukan."
"Skipping import row, store ""%s"" field does not exist.","Lewati import baris, toko ""%s"" tidak ada."
"Skipping import row, the value ""%s"" is not valid for the ""%s"" field.","Lewati import baris, nilai ""%s"" tidaklah benar untuk ""%s"" field."
"Some of the processed products have no SKU value defined. Please fill it prior to performing operations on these products.","Beberapa produk yang terproses tidak punya nilai SKU yang ditentukan. Silahkan isi terlebih dahulu untuk melakukan operasi pada produk ini."
"Some of the selected item options are not currently available.","Bebarapa pilihan opsi item saat ini tidaklah ada."
"Sort By","Urutkan Berdasar"
"Sort Order","Urutkan Pesanan"
"Source Model","Sumber Model"
"Special Expires On: %s","Spesial Tidak Lagi Berlaku Pada: %s"
"Special Price:","Harga Spesial:"
"Special Price: %s","Harga Spesial: %s"
"Starting at:","Dimulai Pada:"
"Static","Statis"
"Static block and products","Block statis dan produk"
"Static block only","Hanya statis block"
"Status","Status"
"Stock Availability","Ketersediaan Stock"
"Store","Toko"
"Store View","Tampilan Toko"
"Stretch","Rentang"
"Subscribe to RSS Feed","Berlangganan ke RSS Feed"
"Super product attributes configuration","Konfigurasi atribut produk super"
"Synonym For","Persamaan Untuk"
"System Properties","Sistem Properti"
"Tag Name","Tag Nama"
"Tax","Pajak"
"Template","Template"
"Text","Teks"
"The Flat Catalog module has a limit of %2\$d filterable and/or sortable attributes. Currently there are %1\$d of them. Please reduce the number of filterable/sortable attributes in order to use this module","Modul katalog flat memiliki batas  atribut %2\$d terfilter dan/atau tersortir. Saat ini ada %1\$d dari mereka. Silahkan mengurangi jumlah atribut terfilter/tersortir teratur agardapat menggunakan modul ini"
"The From Date value should be less than or equal to the To Date value.","Form Date Value harus kurang atau sama dari To Date value."
"The attribute code \'%s\' is reserved by system. Please try another attribute code","Kode atribut \'%s\' dicadangkan oleh sistem. Silahkan coba kode atribut yang lain"
"The attribute model is not defined","Model atribut tidak ditentukan"
"The attribute set has been saved.","Set atribut telah tersimpan."
"The base directory to upload file is not specified.","Direktori Dasar untuk unggah file tidak ditentukan."
"The category has been deleted.","Kategori telah dihapus."
"The category has been saved.","Kategori telah disimpan."
"The comparison list was cleared.","Daftar perbandingan telah dibersihkan."
"The file '%s' for '%s' has an invalid extension","File '%s' untuk '%s' memiliki ekstensi yang tidak valid"
"The file '%s' you uploaded is larger than %s Megabytes allowed by server","File '%s' yang anda unggah lebih besar dari %s Megabytes yang diizinkan oleh server"
"The file you uploaded is larger than %s Megabytes allowed by server","File yang anda unggah lebih besar dari %s Megabytes yang diizinkan oleh server"
"The filters must be an array.","Filter harus berupa susunan."
"The image contents is not valid base64 data.","Konten gambar bukanlah data base64 yang valid."
"The image is not specified.","Gambar tidak ditentukan."
"The model collection resource name is not defined.","Koleksi model sumber nama tidak ditentukan."
"The product %s has been added to comparison list.","Produk %s telah ditambahkan ke daftar perbandingan."
"The product %s has been removed from comparison list.","Produk %s telah dihapus dari daftar perbandingan."
"The product attribute has been deleted.","Atribut produk telah di hapus."
"The product attribute has been saved.","Atribut produk telah di simpan."
"The product has been created.","Produk telah di buat."
"The product has been deleted.","Produk telah di hapus."
"The product has been duplicated.","Produk telah di duplikasi."
"The product has been saved.","Produk telah di simpan."
"The product has required options","Produk memiliki opsi wajib"
"The review has been deleted","Ulasan telah di hapus"
"The review has been saved.","Ulasan telah di simpan."
"The review was removed by another user or does not exist.","Ulasan telah di hilangkan oleh user lain atau tidak ada."
"The search was deleted.","Pencarian telah dihapus."
"The text is too long","Teks terlalu panjang"
"There are no %s available.","Tidak ada %s tersedia."
"There are no customers for this alert","Tidak ada pelanggan untuk peringatan ini"
"There are no customers for this alert.","Tidak ada pelanggan untuk peringatan ini."
"There are no products matching the selection.","Tidak ada produk cocok dengan pilihan."
"There was an error while request processing.","Kesalahan terjadi ketika memproses permintaan."
"This Attribute no longer exists","Atribut tidak lagi ada"
"This attribute cannot be deleted.","Atribut tidak dapat di hapus."
"This attribute cannot be edited.","Atribut tidak dapat di edit."
"This attribute cannot be updated.","Atribut tuidak dapat di perbarui."
"This attribute is used in configurable products.","Atribut ini digunakan dalam produk konfigurasi."
"This attribute is used in configurable products. You cannot remove it from the attribute set.","Atribut ini digunakan dalam produk konfigurasi. Tidak dapat di hilangkan dari set atribut."
"This attribute no longer exists","Atribut tidak lagi ada"
"This attribute set no longer exists.","Set atribut tidak lagi ada."
"This group contains attributes, used in configurable products. Please move these attributes to another group and try again.","Grup ini memiliki atribut, yang digunakan pada konfigurasi produk. Silahkan pindahkan atribut ini ke grup lain dan coba lagi."
"This group contains system attributes. Please move system attributes to another group and try again.","Grup ini memiliki sistem atribut. Silahkan pindahkan sistem atribut ini ke grup lain dan coba lagi."
"This is a required option","Ini adalah opsi wajib"
"This product no longer exists.","Produk ini tidak lagi ada."
"This search no longer exists.","Pencarian ini tidak lagi ada."
"This setting will be applied when all prices in the specific price interval are equal.","Pengaturan ini akan diterapkan ketika semua harga pada jenjang harga tertentu sama."
"Tier Pricing","Kalkulasi Tingkatan Harga"
"Tile","Tile"
"Time Format","Format Waktu"
"Title","Judul"
"To reindex the enabled product(s), the store or product must be specified","Untuk mereindeks produk yang telah aktif(s), toko atau produk harus di tentukan"
"To see product price, add this item to your cart. You can always remove it later.","Untuk melihat harga produk, tambahkan item ini kedalam kantung balanja anda. Anda dapat melepaskan nya nanti."
"Top/Left","Atas/Kiri"
"Top/Right","Atas/kanan"
"Total Qty Base Items","Total Qty Item Dasar"
"Total incl. Tax: %1$s","Total termasuk Pajak: %1$s"
"Total of %d record(s) have been deleted.","Total dari %d arsip(s) telah di hapus."
"Total of %d record(s) have been updated.","Total dari %d arsip(s) telah di perbarui."
"Total of %d record(s) were updated","Total dari %d arsip(s) sudah di perbarui"
"Type","Tipe"
"URL Rewrite Management","Kelola URL Rewrite"
"Unable to complete this request.","Tidak dapat menyelesaikan permintaan ini."
"Unable to find a search term to delete.","Tidak dapat menemukan istilan pencarian untuk di hapus."
"Unable to find an attribute to delete.","Tidak dapat menemukan atribut untuk di hapus."
"Unable to get the product ID.","Tidak dapat mendapat produk ID."
"Unassigned Attributes","Atribut yang belum ditetapkan"
"Unknown EAV indexer type ""%s"".","Tipe peng indeks EAV yang tidak diketahui ""%s""."
"Unknown attribute: %s.","Atribut yang tidak diketahui: %s."
"Unsupported product type ""%s"".","Tipe produk yang tidak di dukung ""%s""."
"Up-sells","Up-sells"
"Update","Perbarui"
"Update Attributes","Perbarui Atribut"
"Update Tier Price","Perbarui Tingkatan Harga"
"Update assigned product","Perbarui produk yang ditetapkan"
"Update attribute","Perbarui atribut"
"Update attributes","Perbarui atribut"
"Update category","Perbarui kategori"
"Update custom option of product","Perbarui opsi custom dari produk"
"Update product","Perbarui produk"
"Update product image","Perbarui gambar produk"
"Update product link","Perbarui link produk"
"Update product tier prices","Perbarui tingkatan harga produk"
"Update value of custom option","Perbarui nilai dari opsi custom"
"Upload new product image ","Unggah gambar produk baru "
"Use Canonical Link Meta Tag For Categories","Gunakan Link Meta Tag yang Resmi untuk Kategori"
"Use Canonical Link Meta Tag For Products","Gunakan Link Meta Tag yang Resmi untuk Produk"
"Use Categories Path for Product URLs","Gunakan Path Kategori untuk URLs Produk"
"Use Config Settings","Gunakan Pengaturan Konfig"
"Use Default Value","Gunakan Nilai Awal"
"Use Flat Catalog Category","Gunakan Kategori Katalog Flat"
"Use Flat Catalog Product","Gunakan Produk Katalog Flat"
"Use In Layered Navigation","Gunakan Pada Navigasi Berlapis"
"Use In Search Results Layered Navigation","Gunakan pada Hasil Pencarian Navigasi Berlapis"
"Use JavaScript Calendar","Gunakan Kalender JavaScript"
"Use Static URLs for Media Content in WYSIWYG for Catalog","Gunakan URLs Statis untuk Konten Media dalam WYSIWYG untuk Katalog"
"Use To Create Configurable Product","Gunakan untuk Membuat Konfigurasi Produk"
"Use Tree Like Category Sitemap","Gunakan Kategori Sitemap Seperti Tree"
"Use config","Gunakan Konfig"
"Use default","Gunakan Kondisi awal"
"Use for Promo Rule Conditions","Gunakan untuk Kondisi Aturan Promo"
"Use four-digit year format.","Gunakan empat-digit format tahun."
"Use in Advanced Search","Gunakan pada Pencarian Lanjut"
"Use in Layered Navigation","Gunakan pada Navigasi Berlapis"
"Use in Layered Navigation<br/>(Can be used only with catalog input type 'Dropdown')","Gunakan pada Naviagi Berlapis<br/>(Hanya bisa digunakan dengan tipe input katalog 'Dropdown')"
"Use in Quick Search","Gunakan Pada Pencarian Cepat"
"Used for Sorting in Product Listing","Gunakan untuk Penyortiran dalam Pendaftaran Produk"
"Used in Product Listing","Gunakan pada Pendaftaran Produk"
"Value for ""%s"" is invalid.","Nilai untuk ""%s"" tidaklah valid."
"Value for ""%s"" is invalid: %s","Nilai untuk ""%s"" tidaklah valid: %s"
"Varchar","Varchar"
"View as","Tampilkan sebagai"
"Virtual Product","Produk Virtual"
"Visibility","Keterlihatan"
"Visible","Terlihat"
"Visible on Catalog Pages on Front-end","Terlihat di Halaman Katalog pada Front-end"
"Visible on Product View Page on Front-end","Terlihat di Halaman Tampilan Produk pada Front-end"
"WYSIWYG Editor","Pengedit WYSIWYG"
"Watermark","Watermark"
"Watermark Default Size","Ukuran Awal Watermark"
"Watermark Opacity, Percent","Kejelasan Watermark, Persen"
"Watermark Position","Posisi Watermark"
"We Also Recommend","Kami Juga Menyarankan"
"Website","Website"
"Websites","Website"
"What's this?","Apa ini?"
"Whether to show ""All"" option in the ""Show X Per Page"" dropdown.","Apakan menampilkan ""Semua"" opsi dalam ""Tampilkan X Per Halaman"" dropdown."
"Will make search for the query above return results for this search.","Akan membuat pencarian untuk query diatas kembalikan hasil pencarian."
"Wrong BuyRequest instance in options group.","Kesalahan contoh Permintaan Pembelian pada opsi grup."
"Wrong configuration item instance in options group.","Kesalahan contoh Konfigurasi item pada opsi grup."
"Wrong configuration item option instance in options group.","Kesalahan contoh konfigurasi opsi item pada opsi grup."
"Wrong option instance type in options group.","Kesalahan tipe contoh opsi dalam opsi grup."
"Wrong option type to get group instance.","Kesa;ahan tipe opsi untuk mendapatkan contoh group."
"Wrong product instance type in options group.","Tipe contoh produk yang salah dalam opsi grup."
"Wrong product type filter specified","Kesalahan tipe filter produk ditentukan"
"Wrong product type to extract configurable options.","Kesalahan tipe produk untuk mengekstrak konfigurasi produk."
"Year Range","Jangka Tahun"
"Yes","Ya"
"You cannot remove system attribute from this set.","Anda tidak dapat melepas atribut sistem dari set ini."
"You have no items to compare.","Anda tidak memiliki item untuk dibandingkann."
"You may also be interested in the following product(s)","Anda mungkin tertarik dengan produk berikut(s)"
"Zoom In","Perbesar"
"Zoom Out","Perkecil"
"and","dan"
"and above","dan di atas"
"categories","kategori"
"each","masing-masing"
"ex. http://domain.com","contoh. http://domain.com"
"leave blank if its not an image","Biarkan kosong jika bukan gambar"
"per page","per halaman"
"products","produk"
"px.","px."
"save","simpan"
"select all","pilih semua"
"unselect all","batalkan semua pilihan"
"x","x"
